,id,terrestrial_date,sol,ls,month,min_temp,pressure
0,2,2012/8/16,10,155,6,-75,739
1,13,2012/8/17,11,156,6,-76,740
2,24,2012/8/18,12,156,6,-76,741
3,35,2012/8/19,13,157,6,-74,732
4,46,2012/8/20,14,157,6,-74,740
5,57,2012/8/21,15,158,6,-78,740
6,68,2012/8/22,16,158,6,-77,740
7,79,2012/8/23,17,159,6,-76,742
8,112,2012/8/27,21,161,6,-74,741
9,114,2012/8/28,22,162,6,-74,742
10,123,2012/8/29,23,162,6,-75,741
11,134,2012/8/30,24,163,6,-75,742
12,145,2012/8/31,25,163,6,-75,743
13,156,2012/9/1,26,164,6,-76,745
14,163,2012/9/2,27,164,6,-75,743
15,170,2012/9/3,28,165,6,-75,745
16,171,2012/9/4,29,166,6,-75,747
17,172,2012/9/5,30,166,6,-74,747
18,173,2012/9/6,31,167,6,-74,745
19,175,2012/9/8,33,168,6,-73,748
20,176,2012/9/10,34,168,6,-73,748
21,177,2012/9/11,35,169,6,-73,749
22,178,2012/9/12,36,169,6,-73,750
23,179,2012/9/13,37,170,6,-73,750
24,180,2012/9/14,38,171,6,-73,750
25,181,2012/9/15,39,171,6,-75,751
26,182,2012/9/16,40,172,6,-75,753
27,183,2012/9/17,41,172,6,-75,753
28,184,2012/9/18,42,173,6,-75,754
29,185,2012/9/19,43,173,6,-74,756
30,186,2012/9/20,44,174,6,-75,757
31,187,2012/9/21,45,175,6,-74,758
32,188,2012/9/22,46,175,6,-74,758
33,189,2012/9/23,47,176,6,-75,758
34,190,2012/9/24,48,176,6,-75,759
35,191,2012/9/25,49,177,6,-74,761
36,192,2012/9/26,50,177,6,-72,761
37,193,2012/9/27,51,178,6,-76,762
38,194,2012/9/28,52,179,6,-74,762
39,195,2012/9/29,53,179,6,-71,764
40,196,2012/9/30,54,180,7,-72,766
41,197,2012/10/1,55,180,7,-74,766
42,198,2012/10/2,56,181,7,-73,768
43,199,2012/10/3,57,181,7,-73,769
44,200,2012/10/4,58,182,7,-74,769
45,201,2012/10/5,59,183,7,-76,771
46,202,2012/10/6,60,183,7,-75,772
47,203,2012/10/7,61,184,7,-72,772
48,204,2012/10/8,62,184,7,-72,774
49,205,2012/10/9,63,185,7,-73,775
50,206,2012/10/10,64,186,7,-74,776
51,207,2012/10/11,65,186,7,-72,777
52,208,2012/10/12,66,187,7,-73,778
53,209,2012/10/13,67,187,7,-73,780
54,210,2012/10/14,68,188,7,-71,781
55,211,2012/10/15,69,189,7,-73,778
56,212,2012/10/17,70,189,7,-72,783
57,213,2012/10/18,71,190,7,-71,784
58,214,2012/10/19,72,190,7,-73,785
59,215,2012/10/20,73,191,7,-70,788
60,216,2012/10/21,74,192,7,-72,790
61,217,2012/10/22,75,192,7,-73,791
62,218,2012/10/23,76,193,7,-73,792
63,219,2012/10/24,77,193,7,-71,792
64,220,2012/10/25,78,194,7,-71,793
65,221,2012/10/26,79,195,7,-73,795
66,222,2012/10/27,80,195,7,-70,796
67,223,2012/10/28,81,196,7,-72,798
68,224,2012/10/29,82,196,7,-72,799
69,225,2012/10/30,83,197,7,-72,801
70,226,2012/10/31,84,198,7,-70,801
71,227,2012/11/1,85,198,7,-71,805
72,228,2012/11/2,86,199,7,-71,808
73,229,2012/11/3,87,199,7,-70,808
74,230,2012/11/4,88,200,7,-70,811
75,231,2012/11/5,89,201,7,-73,813
76,233,2012/11/6,90,201,7,-71,813
77,234,2012/11/7,91,202,7,-74,817
78,235,2012/11/8,92,202,7,-74,820
79,236,2012/11/9,93,203,7,-72,819
80,237,2012/11/10,94,204,7,-70,822
81,238,2012/11/11,95,204,7,-68,822
82,239,2012/11/12,96,205,7,-71,826
83,240,2012/11/13,97,206,7,-68,828
84,241,2012/11/14,98,206,7,-68,828
85,242,2012/11/15,99,207,7,-68,829
86,3,2012/11/16,100,207,7,-66,829
87,4,2012/11/17,101,208,7,-65,830
88,5,2012/11/18,102,209,7,-67,833
89,6,2012/11/19,103,209,7,-66,836
90,7,2012/11/20,104,210,8,-67,838
91,8,2012/11/21,105,211,8,-66,839
92,9,2012/11/23,106,211,8,-66,841
93,10,2012/11/24,107,212,8,-66,844
94,11,2012/11/25,108,212,8,-65,845
95,12,2012/11/26,109,213,8,-64,844
96,14,2012/11/27,110,214,8,-65,848
97,15,2012/11/28,111,214,8,-66,849
98,16,2012/11/29,112,215,8,-65,852
99,17,2012/11/30,113,216,8,-66,857
100,18,2012/12/1,114,216,8,-69,857
101,19,2012/12/2,115,217,8,-66,857
102,20,2012/12/3,116,217,8,-67,859
103,21,2012/12/4,117,218,8,-66,861
104,22,2012/12/5,118,219,8,-65,864
105,23,2012/12/6,119,219,8,-66,866
106,25,2012/12/7,120,220,8,-67,867
107,26,2012/12/8,121,221,8,-66,869
108,27,2012/12/9,122,221,8,-65,869
109,28,2012/12/10,123,222,8,-66,875
110,29,2012/12/11,124,223,8,-66,876
111,30,2012/12/12,125,223,8,-68,880
112,31,2012/12/13,126,224,8,-66,880
113,32,2012/12/14,127,224,8,-67,884
114,33,2012/12/15,128,225,8,-67,883
115,34,2012/12/16,129,226,8,-65,886
116,36,2012/12/17,130,226,8,-65,888
117,37,2012/12/18,131,227,8,-65,889
118,38,2012/12/19,132,228,8,-65,890
119,39,2012/12/20,133,228,8,-65,891
120,40,2012/12/21,134,229,8,-67,893
121,41,2012/12/22,135,230,8,-65,894
122,42,2012/12/23,136,230,8,-65,897
123,43,2012/12/24,137,231,8,-64,896
124,44,2012/12/25,138,232,8,-65,899
125,45,2012/12/26,139,232,8,-66,899
126,47,2012/12/27,140,233,8,-66,903
127,48,2012/12/28,141,233,8,-64,904
128,49,2012/12/29,142,234,8,-65,906
129,50,2012/12/31,143,235,8,-63,908
130,51,2013/1/1,144,235,8,-64,907
131,52,2013/1/2,145,236,8,-64,909
132,53,2013/1/3,146,237,8,-65,908
133,54,2013/1/4,147,237,8,-65,914
134,55,2013/1/5,148,238,8,-65,912
135,56,2013/1/6,149,239,8,-65,914
136,58,2013/1/7,150,239,8,-64,913
137,59,2013/1/8,151,240,9,-65,915
138,60,2013/1/9,152,241,9,-63,914
139,61,2013/1/10,153,241,9,-65,915
140,62,2013/1/11,154,242,9,-65,917
141,63,2013/1/12,155,243,9,-64,917
142,64,2013/1/13,156,243,9,-65,922
143,65,2013/1/14,157,244,9,-64,920
144,66,2013/1/15,158,245,9,-66,922
145,67,2013/1/16,159,245,9,-65,918
146,69,2013/1/17,160,246,9,-67,919
147,70,2013/1/18,161,246,9,-65,919
148,71,2013/1/19,162,247,9,-65,919
149,72,2013/1/20,163,248,9,-65,919
150,73,2013/1/21,164,248,9,-64,919
151,74,2013/1/22,165,249,9,-65,922
152,75,2013/1/23,166,250,9,-65,922
153,76,2013/1/24,167,250,9,-65,920
154,77,2013/1/25,168,251,9,-66,923
155,78,2013/1/26,169,252,9,-66,922
156,80,2013/1/27,170,252,9,-66,925
157,81,2013/1/28,171,253,9,-67,925
158,82,2013/1/29,172,254,9,-67,923
159,83,2013/1/30,173,254,9,-67,920
160,84,2013/1/31,174,255,9,-67,921
161,85,2013/2/1,175,256,9,-68,921
162,86,2013/2/2,176,256,9,-67,920
163,87,2013/2/3,177,257,9,-66,921
164,88,2013/2/4,178,258,9,-66,920
165,89,2013/2/6,179,258,9,-66,920
166,91,2013/2/7,180,259,9,-67,919
167,92,2013/2/8,181,260,9,-67,918
168,93,2013/2/9,182,260,9,-67,921
169,94,2013/2/10,183,261,9,-67,921
170,95,2013/2/11,184,261,9,-67,923
171,96,2013/2/12,185,262,9,-67,923
172,97,2013/2/13,186,263,9,-66,922
173,98,2013/2/14,187,263,9,-67,921
174,99,2013/2/15,188,264,9,-68,920
175,100,2013/2/16,189,265,9,-68,920
176,102,2013/2/17,190,265,9,-66,917
177,103,2013/2/18,191,266,9,-67,921
178,106,2013/2/23,196,269,9,-66,916
179,107,2013/2/24,197,270,10,-68,915
180,108,2013/2/25,198,271,10,-67,914
181,109,2013/2/26,199,271,10,-66,917
182,116,2013/3/23,223,287,10,-71,895
183,117,2013/3/24,224,287,10,-69,894
184,118,2013/3/25,225,288,10,-71,894
185,119,2013/3/26,226,288,10,-70,894
186,120,2013/3/27,227,289,10,-70,892
187,121,2013/3/28,228,290,10,-71,894
188,122,2013/3/29,229,290,10,-69,894
189,124,2013/3/30,230,291,10,-69,888
190,125,2013/3/31,231,292,10,-71,890
191,126,2013/4/1,232,292,10,-69,888
192,127,2013/4/2,233,293,10,-69,889
193,128,2013/4/3,234,293,10,-69,890
194,129,2013/4/4,235,294,10,-70,886
195,130,2013/4/5,236,295,10,-72,886
196,131,2013/4/6,237,295,10,-71,883
197,132,2013/4/7,238,296,10,-70,885
198,133,2013/4/8,239,297,10,-73,885
199,135,2013/4/9,240,297,10,-70,884
200,136,2013/4/10,241,298,10,-72,884
201,137,2013/4/11,242,298,10,-70,881
202,138,2013/4/12,243,299,10,-71,884
203,139,2013/4/13,244,300,11,-69,878
204,140,2013/4/14,245,300,11,-70,879
205,141,2013/4/15,246,301,11,-73,878
206,142,2013/4/16,247,301,11,-71,873
207,143,2013/4/17,248,302,11,-70,877
208,144,2013/4/18,249,303,11,-69,873
209,146,2013/4/19,250,303,11,-70,877
210,147,2013/4/20,251,304,11,-71,876
211,148,2013/4/22,252,304,11,-71,874
212,149,2013/4/23,253,305,11,-71,877
213,150,2013/4/24,254,306,11,-70,871
214,151,2013/4/25,255,306,11,-69,877
215,152,2013/4/26,256,307,11,-70,871
216,153,2013/4/27,257,308,11,-70,871
217,154,2013/4/28,258,308,11,-71,869
218,155,2013/4/29,259,309,11,-72,871
219,157,2013/4/30,260,309,11,-70,875
220,158,2013/5/1,261,310,11,-70,868
221,161,2013/5/8,268,314,11,-70,864
222,162,2013/5/9,269,315,11,-72,866
223,164,2013/5/10,270,315,11,-67,863
224,165,2013/5/11,271,316,11,-69,864
225,166,2013/5/12,272,316,11,-71,864
226,167,2013/5/13,273,317,11,-70,861
227,168,2013/5/14,274,318,11,-70,861
228,169,2013/5/15,275,318,11,-67,860
229,244,2013/5/16,276,319,11,-69,858
230,245,2013/5/17,277,319,11,-69,857
231,246,2013/5/18,278,320,11,-67,855
232,247,2013/5/19,279,321,11,-68,856
233,248,2013/5/20,280,321,11,-69,856
234,249,2013/5/21,281,322,11,-68,855
235,250,2013/5/22,282,322,11,-72,856
236,251,2013/5/23,283,323,11,-68,854
237,252,2013/5/24,284,323,11,-71,854
238,253,2013/5/25,285,324,11,-70,852
239,254,2013/5/26,286,325,11,-71,854
240,255,2013/5/27,287,325,11,-72,856
241,256,2013/5/29,288,326,11,-69,854
242,257,2013/5/30,289,326,11,-71,854
243,258,2013/5/31,290,327,11,-71,853
244,259,2013/6/1,291,327,11,-70,853
245,260,2013/6/2,292,328,11,-71,853
246,261,2013/6/3,293,329,11,-72,850
247,262,2013/6/4,294,329,11,-72,852
248,263,2013/6/5,295,330,12,-71,853
249,264,2013/6/6,296,330,12,-71,850
250,265,2013/6/7,297,331,12,-72,849
251,266,2013/6/8,298,331,12,-72,850
252,267,2013/6/9,299,332,12,-71,849
253,286,2013/6/10,300,333,12,-72,852
254,276,2013/6/11,301,333,12,-73,852
255,287,2013/6/12,302,334,12,-71,850
256,283,2013/6/13,303,334,12,-71,849
257,281,2013/6/14,304,335,12,-70,848
258,275,2013/6/15,305,335,12,-71,847
259,280,2013/6/16,306,336,12,-71,848
260,279,2013/6/17,307,336,12,-72,851
261,282,2013/6/18,308,337,12,-73,850
262,284,2013/6/19,309,338,12,-72,848
263,278,2013/6/20,310,338,12,-71,849
264,277,2013/6/21,311,339,12,-74,846
265,285,2013/6/22,312,339,12,-71,845
266,274,2013/6/23,313,340,12,-77,849
267,272,2013/6/24,314,340,12,-73,848
268,273,2013/6/25,315,341,12,-74,850
269,288,2013/6/26,316,341,12,-74,851
270,268,2013/6/27,317,342,12,-72,849
271,270,2013/6/28,318,342,12,-74,849
272,271,2013/6/29,319,343,12,-73,847
273,269,2013/6/30,320,344,12,-74,846
274,289,2013/7/1,321,344,12,-75,847
275,291,2013/7/2,322,345,12,-74,849
276,290,2013/7/3,323,345,12,-74,847
277,292,2013/7/4,324,346,12,-75,850
278,294,2013/7/6,325,346,12,-74,847
279,295,2013/7/7,326,347,12,-72,848
280,296,2013/7/8,327,347,12,-74,848
281,293,2013/7/9,328,348,12,-75,847
282,298,2013/7/10,329,348,12,-74,847
283,297,2013/7/11,330,349,12,-75,848
284,303,2013/7/12,331,349,12,-74,848
285,300,2013/7/13,332,350,12,-76,849
286,299,2013/7/14,333,350,12,-75,849
287,301,2013/7/15,334,351,12,-74,852
288,302,2013/7/16,335,352,12,-76,852
289,305,2013/7/17,336,352,12,-76,852
290,304,2013/7/18,337,353,12,-75,853
291,306,2013/7/19,338,353,12,-78,848
292,308,2013/7/20,339,354,12,-76,849
293,307,2013/7/21,340,354,12,-76,851
294,310,2013/7/22,341,355,12,-77,852
295,309,2013/7/23,342,355,12,-76,851
296,311,2013/7/24,343,356,12,-77,850
297,317,2013/7/25,344,356,12,-77,851
298,312,2013/7/26,345,357,12,-77,853
299,314,2013/7/27,346,357,12,-76,853
300,313,2013/7/28,347,358,12,-77,851
301,315,2013/7/29,348,358,12,-74,850
302,316,2013/7/30,349,359,12,-75,852
303,318,2013/7/31,350,359,12,-76,853
304,320,2013/8/1,351,0,1,-75,853
305,319,2013/8/2,352,0,1,-77,854
306,323,2013/8/3,353,1,1,-75,855
307,322,2013/8/4,354,1,1,-75,857
308,321,2013/8/5,355,2,1,-75,857
309,324,2013/8/6,356,2,1,-77,856
310,325,2013/8/7,357,3,1,-76,857
311,326,2013/8/17,366,7,1,-76,861
312,328,2013/8/18,367,8,1,-76,862
313,330,2013/8/19,368,8,1,-77,863
314,331,2013/8/20,369,9,1,-75,865
315,332,2013/8/21,370,9,1,-79,865
316,333,2013/8/22,371,10,1,-77,865
317,334,2013/8/23,372,10,1,-76,866
318,335,2013/8/24,373,11,1,-79,866
319,337,2013/8/25,374,11,1,-79,866
320,336,2013/8/26,375,12,1,-77,867
321,340,2013/8/27,376,12,1,-78,870
322,338,2013/8/28,377,13,1,-78,870
323,339,2013/8/29,378,13,1,-78,869
324,341,2013/8/30,379,14,1,-79,870
325,343,2013/8/31,380,14,1,-79,870
326,345,2013/9/1,381,15,1,-79,871
327,344,2013/9/2,382,15,1,-76,872
328,342,2013/9/3,383,16,1,-77,874
329,346,2013/9/4,384,16,1,-77,875
330,351,2013/9/5,385,17,1,-78,874
331,347,2013/9/6,386,17,1,-77,873
332,349,2013/9/7,387,18,1,-78,874
333,350,2013/9/8,388,18,1,-79,875
334,348,2013/9/9,389,19,1,-79,875
335,352,2013/9/10,390,19,1,-78,875
336,353,2013/9/11,391,20,1,-78,875
337,354,2013/9/12,392,20,1,-77,876
338,355,2013/9/13,393,21,1,-76,877
339,356,2013/9/14,394,21,1,-79,878
340,357,2013/9/15,395,22,1,-77,878
341,358,2013/9/16,396,22,1,-78,879
342,359,2013/9/18,397,23,1,-75,880
343,360,2013/9/19,398,23,1,-79,880
344,361,2013/9/20,399,24,1,-79,881
345,363,2013/9/21,400,24,1,-79,881
346,362,2013/9/22,401,25,1,-79,882
347,365,2013/9/23,402,25,1,-78,883
348,364,2013/9/24,403,25,1,-80,883
349,367,2013/9/25,404,26,1,-78,884
350,366,2013/9/26,405,26,1,-82,885
351,374,2013/9/27,406,27,1,-81,886
352,370,2013/9/28,407,27,1,-81,887
353,369,2013/9/29,408,28,1,-80,887
354,368,2013/9/30,409,28,1,-81,887
355,373,2013/10/1,410,29,1,-81,888
356,372,2013/10/2,411,29,1,-82,887
357,371,2013/10/3,412,30,2,-80,888
358,376,2013/10/4,413,30,2,-82,888
359,375,2013/10/5,414,31,2,-79,889
360,377,2013/10/6,415,31,2,-82,890
361,378,2013/10/7,416,32,2,-79,889
362,379,2013/10/8,417,32,2,-82,890
363,380,2013/10/9,418,33,2,-79,891
364,381,2013/10/10,419,33,2,-82,891
365,385,2013/10/11,420,33,2,-80,892
366,382,2013/10/12,421,34,2,-81,890
367,384,2013/10/13,422,34,2,-82,891
368,383,2013/10/14,423,35,2,-81,892
369,386,2013/10/15,424,35,2,-81,893
370,393,2013/10/16,425,36,2,-81,893
371,388,2013/10/17,426,36,2,-79,893
372,392,2013/10/18,427,37,2,-81,893
373,391,2013/10/19,428,37,2,-81,894
374,387,2013/10/20,429,38,2,-82,895
375,390,2013/10/21,430,38,2,-82,896
376,389,2013/10/22,431,39,2,-83,895
377,395,2013/10/23,432,39,2,-80,896
378,394,2013/10/24,433,40,2,-81,895
379,397,2013/10/26,434,40,2,-80,896
380,396,2013/10/27,435,40,2,-81,896
381,398,2013/10/28,436,41,2,-81,897
382,399,2013/10/29,437,41,2,-82,898
383,400,2013/10/30,438,42,2,-79,899
384,401,2013/10/31,439,42,2,-80,899
385,404,2013/11/1,440,43,2,-80,899
386,402,2013/11/2,441,43,2,-81,900
387,405,2013/11/3,442,44,2,-80,900
388,403,2013/11/4,443,44,2,-81,901
389,407,2013/11/16,455,50,2,-84,905
390,406,2013/11/17,456,50,2,-83,905
391,409,2013/11/24,463,53,2,-86,906
392,410,2013/11/25,464,54,2,-84,906
393,412,2013/11/26,465,54,2,-85,906
394,415,2013/11/27,466,55,2,-85,907
395,411,2013/11/28,467,55,2,-84,907
396,414,2013/11/29,468,55,2,-85,907
397,413,2013/11/30,469,56,2,-85,908
398,475,2013/12/2,470,56,2,-85,907
399,479,2013/12/3,471,57,2,-84,906
400,416,2013/12/4,472,57,2,-84,907
401,417,2013/12/5,473,58,2,-86,907
402,420,2013/12/6,474,58,2,-84,906
403,419,2013/12/7,475,59,2,-85,906
404,418,2013/12/8,476,59,2,-85,906
405,421,2013/12/9,477,60,3,-85,907
406,422,2013/12/18,486,64,3,-84,904
407,473,2013/12/19,487,64,3,-85,904
408,480,2013/12/20,488,64,3,-87,903
409,423,2013/12/21,489,65,3,-85,904
410,434,2013/12/22,490,65,3,-87,903
411,433,2013/12/23,491,66,3,-86,903
412,427,2013/12/24,492,66,3,-86,903
413,426,2013/12/25,493,67,3,-84,902
414,429,2013/12/26,494,67,3,-85,902
415,431,2013/12/27,495,68,3,-86,900
416,428,2013/12/28,496,68,3,-85,901
417,425,2013/12/29,497,69,3,-86,901
418,424,2013/12/30,498,69,3,-86,901
419,432,2013/12/31,499,69,3,-84,899
420,430,2014/1/1,500,70,3,-85,897
421,435,2014/1/2,501,70,3,-86,898
422,437,2014/1/3,502,71,3,-87,898
423,483,2014/1/4,503,71,3,-86,897
424,436,2014/1/5,504,72,3,-85,895
425,438,2014/1/6,505,72,3,-85,895
426,439,2014/1/8,506,73,3,-86,894
427,440,2014/1/9,507,73,3,-85,894
428,442,2014/1/10,508,73,3,-83,893
429,443,2014/1/11,509,74,3,-86,895
430,441,2014/1/12,510,74,3,-85,892
431,446,2014/1/13,511,75,3,-85,892
432,444,2014/1/14,512,75,3,-86,890
433,445,2014/1/15,513,76,3,-86,889
434,447,2014/1/16,514,76,3,-86,888
435,450,2014/1/17,515,77,3,-86,888
436,449,2014/1/18,516,77,3,-86,888
437,448,2014/1/19,517,77,3,-86,885
438,451,2014/1/20,518,78,3,-85,885
439,452,2014/1/21,519,78,3,-86,884
440,453,2014/1/22,520,79,3,-86,884
441,454,2014/1/23,521,79,3,-87,882
442,455,2014/1/24,522,80,3,-85,881
443,458,2014/1/25,523,80,3,-85,881
444,457,2014/1/26,524,81,3,-85,880
445,456,2014/1/27,525,81,3,-87,878
446,459,2014/1/28,526,82,3,-87,878
447,460,2014/1/29,527,82,3,-86,877
448,461,2014/1/30,528,82,3,-86,876
449,462,2014/1/31,529,83,3,-87,875
450,463,2014/2/1,530,83,3,-87,873
451,465,2014/2/2,531,84,3,-87,872
452,464,2014/2/3,532,84,3,-88,872
453,466,2014/2/4,533,85,3,-87,871
454,467,2014/2/5,534,85,3,-86,869
455,468,2014/2/6,535,86,3,-88,868
456,470,2014/2/7,536,86,3,-83,867
457,469,2014/2/8,537,86,3,-83,865
458,472,2014/2/9,538,87,3,-85,865
459,476,2014/2/10,539,87,3,-85,864
460,481,2014/2/11,540,88,3,-84,862
461,482,2014/2/12,541,88,3,-84,861
462,477,2014/2/13,542,89,3,-85,859
463,486,2014/2/15,543,89,3,-84,858
464,487,2014/2/16,544,90,4,-86,857
465,490,2014/2/17,545,90,4,-85,856
466,489,2014/2/18,546,91,4,-85,855
467,488,2014/2/19,547,91,4,-85,853
468,491,2014/2/20,548,91,4,-86,852
469,492,2014/2/21,549,92,4,-87,851
470,494,2014/2/22,550,92,4,-85,850
471,495,2014/2/23,551,93,4,-85,848
472,493,2014/2/24,552,93,4,-86,847
473,496,2014/2/25,553,94,4,-84,845
474,497,2014/2/26,554,94,4,-84,843
475,499,2014/2/27,555,95,4,-85,843
476,501,2014/2/28,556,95,4,-85,842
477,498,2014/3/1,557,96,4,-85,840
478,500,2014/3/2,558,96,4,-85,839
479,502,2014/3/3,559,96,4,-85,838
480,503,2014/3/4,560,97,4,-86,836
481,504,2014/3/5,561,97,4,-85,835
482,506,2014/3/6,562,98,4,-85,834
483,505,2014/3/7,563,98,4,-87,833
484,509,2014/3/8,564,99,4,-86,831
485,508,2014/3/9,565,99,4,-85,830
486,507,2014/3/10,566,100,4,-86,829
487,510,2014/3/11,567,100,4,-86,827
488,511,2014/3/12,568,101,4,-86,825
489,512,2014/3/13,569,101,4,-85,825
490,513,2014/3/14,570,102,4,-84,823
491,515,2014/3/15,571,102,4,-84,821
492,514,2014/3/16,572,102,4,-85,820
493,516,2014/3/17,573,103,4,-84,819
494,517,2014/3/18,574,103,4,-85,817
495,518,2014/3/19,575,104,4,-82,816
496,520,2014/3/20,576,104,4,-84,815
497,519,2014/3/21,577,105,4,-84,813
498,521,2014/3/22,578,105,4,-83,812
499,522,2014/3/24,579,106,4,-82,811
500,523,2014/3/25,580,106,4,-83,810
501,524,2014/3/26,581,107,4,-84,808
502,525,2014/3/27,582,107,4,-84,807
503,526,2014/3/28,583,108,4,-82,806
504,528,2014/3/29,584,108,4,-82,804
505,527,2014/3/30,585,109,4,-83,802
506,529,2014/3/31,586,109,4,-82,802
507,530,2014/4/1,587,109,4,-85,801
508,532,2014/4/2,588,110,4,-84,799
509,531,2014/4/3,589,110,4,-85,798
510,535,2014/4/4,590,111,4,-82,797
511,533,2014/4/5,591,111,4,-82,795
512,534,2014/4/6,592,112,4,-83,795
513,536,2014/4/7,593,112,4,-83,795
514,537,2014/4/8,594,113,4,-83,793
515,538,2014/4/9,595,113,4,-83,792
516,539,2014/4/10,596,114,4,-82,791
517,540,2014/4/11,597,114,4,-84,790
518,542,2014/4/12,598,115,4,-84,787
519,543,2014/4/13,599,115,4,-84,788
520,541,2014/4/14,600,116,4,-81,787
521,544,2014/4/15,601,116,4,-82,785
522,545,2014/4/16,602,117,4,-82,784
523,548,2014/4/17,603,117,4,-83,783
524,546,2014/4/18,604,118,4,-84,782
525,547,2014/4/19,605,118,4,-83,781
526,549,2014/4/20,606,118,4,-84,780
527,550,2014/4/21,607,119,4,-83,779
528,551,2014/4/22,608,119,4,-85,777
529,552,2014/4/23,609,120,5,-84,777
530,554,2014/4/24,610,120,5,-85,776
531,555,2014/4/25,611,121,5,-84,775
532,553,2014/4/26,612,121,5,-85,774
533,556,2014/4/27,613,122,5,-84,773
534,557,2014/4/28,614,122,5,-82,772
535,558,2014/4/29,615,123,5,-83,771
536,559,2014/5/1,616,123,5,-82,769
537,561,2014/5/2,617,124,5,-84,769
538,562,2014/5/3,618,124,5,-83,769
539,560,2014/5/4,619,125,5,-82,766
540,563,2014/5/5,620,125,5,-83,765
541,564,2014/5/6,621,126,5,-82,765
542,565,2014/5/7,622,126,5,-84,763
543,566,2014/5/8,623,127,5,-83,763
544,568,2014/5/9,624,127,5,-82,762
545,569,2014/5/10,625,128,5,-81,761
546,567,2014/5/11,626,128,5,-82,760
547,570,2014/5/12,627,129,5,-82,759
548,571,2014/5/13,628,129,5,-81,759
549,572,2014/5/14,629,130,5,-84,759
550,573,2014/5/15,630,130,5,-82,757
551,576,2014/5/16,631,131,5,-81,756
552,575,2014/5/17,632,131,5,-79,755
553,574,2014/5/18,633,132,5,-81,754
554,577,2014/5/19,634,132,5,-82,753
555,578,2014/5/20,635,133,5,-82,754
556,582,2014/5/21,636,133,5,-81,752
557,580,2014/5/22,637,134,5,-80,752
558,579,2014/5/23,638,134,5,-80,751
559,581,2014/5/24,639,135,5,-80,750
560,583,2014/5/25,640,135,5,-81,750
561,584,2014/5/26,641,136,5,-81,749
562,585,2014/5/27,642,136,5,-80,749
563,586,2014/5/28,643,137,5,-80,748
564,588,2014/5/29,644,137,5,-80,748
565,589,2014/5/30,645,138,5,-81,746
566,587,2014/5/31,646,138,5,-81,746
567,590,2014/6/1,647,139,5,-79,746
568,591,2014/6/2,648,139,5,-80,746
569,592,2014/6/3,649,140,5,-79,745
570,593,2014/6/4,650,140,5,-80,743
571,595,2014/6/5,651,141,5,-80,743
572,594,2014/6/7,652,141,5,-79,745
573,596,2014/6/8,653,142,5,-80,744
574,597,2014/6/9,654,142,5,-79,742
575,598,2014/6/10,655,143,5,-77,741
576,599,2014/6/11,656,143,5,-80,740
577,600,2014/6/12,657,144,5,-79,739
578,602,2014/6/13,658,144,5,-79,739
579,603,2014/6/14,659,145,5,-77,738
580,601,2014/6/15,660,145,5,-78,735
581,604,2014/6/16,661,146,5,-76,735
582,605,2014/6/17,662,146,5,-77,735
583,609,2014/6/18,663,147,5,-77,734
584,607,2014/6/19,664,147,5,-78,732
585,610,2014/6/20,665,148,5,-78,735
586,608,2014/6/21,666,148,5,-77,736
587,606,2014/6/22,667,149,5,-76,736
588,611,2014/6/23,668,150,6,-75,734
589,613,2014/6/24,669,150,6,-84,735
590,612,2014/6/25,670,151,6,-79,737
591,614,2014/6/26,671,151,6,-79,740
592,615,2014/6/27,672,152,6,-78,739
593,616,2014/6/28,673,152,6,-78,738
594,617,2014/6/29,674,153,6,-80,739
595,618,2014/6/30,675,153,6,-80,740
596,619,2014/7/1,676,154,6,-80,738
597,622,2014/7/2,677,154,6,-78,737
598,621,2014/7/3,678,155,6,-77,739
599,624,2014/7/4,679,155,6,-77,738
600,620,2014/7/5,680,156,6,-76,740
601,623,2014/7/6,681,156,6,-79,738
602,625,2014/7/7,682,157,6,-77,739
603,626,2014/7/8,683,158,6,-79,741
604,627,2014/7/9,684,158,6,-75,741
605,628,2014/7/10,685,159,6,-77,740
606,629,2014/7/11,686,159,6,-76,738
607,630,2014/7/12,687,160,6,-77,739
608,631,2014/7/14,688,160,6,-77,741
609,632,2014/7/15,689,161,6,-76,742
610,633,2014/7/16,690,161,6,-77,741
611,634,2014/7/17,691,162,6,-76,741
612,637,2014/7/18,692,162,6,-76,742
613,636,2014/7/19,693,163,6,-76,741
614,635,2014/7/20,694,164,6,-75,740
615,638,2014/7/21,695,164,6,-76,741
616,639,2014/7/22,696,165,6,-75,743
617,640,2014/7/23,697,165,6,-74,743
618,641,2014/7/24,698,166,6,-77,743
619,642,2014/7/25,699,166,6,-76,744
620,643,2014/7/26,700,167,6,-75,745
621,644,2014/7/27,701,167,6,-77,745
622,645,2014/7/28,702,168,6,-76,745
623,646,2014/7/29,703,169,6,-75,747
624,647,2014/7/30,704,169,6,-75,747
625,648,2014/7/31,705,170,6,-76,746
626,650,2014/8/1,706,170,6,-76,748
627,651,2014/8/2,707,171,6,-76,749
628,649,2014/8/3,708,171,6,-76,749
629,652,2014/8/4,709,172,6,-73,750
630,653,2014/8/5,710,172,6,-77,751
631,654,2014/8/6,711,173,6,-75,751
632,658,2014/8/7,712,174,6,-77,752
633,656,2014/8/8,713,174,6,-76,754
634,655,2014/8/9,714,175,6,-76,754
635,657,2014/8/10,715,175,6,-73,755
636,659,2014/8/11,716,176,6,-75,755
637,661,2014/8/12,717,176,6,-76,756
638,660,2014/8/13,718,177,6,-77,757
639,662,2014/8/14,719,178,6,-77,758
640,663,2014/8/15,720,178,6,-74,760
641,664,2014/8/16,721,179,6,-73,761
642,665,2014/8/17,722,179,6,-74,760
643,666,2014/8/18,723,180,7,-73,761
644,667,2014/8/19,724,181,7,-74,763
645,669,2014/8/21,725,181,7,-73,764
646,668,2014/8/22,726,182,7,-75,766
647,671,2014/8/23,727,182,7,-76,766
648,670,2014/8/24,728,183,7,-74,766
649,672,2014/8/25,729,183,7,-75,768
650,676,2014/8/26,730,184,7,-76,770
651,673,2014/8/27,731,185,7,-75,771
652,677,2014/8/28,732,185,7,-75,773
653,674,2014/8/29,733,186,7,-74,773
654,675,2014/8/30,734,186,7,-73,776
655,678,2014/8/31,735,187,7,-73,776
656,679,2014/9/1,736,188,7,-76,776
657,680,2014/9/2,737,188,7,-74,777
658,681,2014/9/3,738,189,7,-75,778
659,682,2014/9/4,739,189,7,-77,779
660,685,2014/9/5,740,190,7,-76,782
661,683,2014/9/6,741,191,7,-70,784
662,684,2014/9/7,742,191,7,-72,784
663,686,2014/9/8,743,192,7,-72,786
664,687,2014/9/9,744,192,7,-75,786
665,689,2014/9/10,745,193,7,-74,787
666,688,2014/9/11,746,194,7,-76,788
667,691,2014/9/12,747,194,7,-73,789
668,690,2014/9/13,748,195,7,-71,791
669,692,2014/9/14,749,195,7,-73,794
670,693,2014/9/15,750,196,7,-72,796
671,695,2014/9/16,751,197,7,-72,797
672,694,2014/9/17,752,197,7,-71,798
673,698,2014/9/18,753,198,7,-73,800
674,696,2014/9/19,754,198,7,-73,802
675,697,2014/9/20,755,199,7,-74,806
676,699,2014/9/21,756,200,7,-73,806
677,700,2014/9/22,757,200,7,-73,807
678,701,2014/9/23,758,201,7,-71,810
679,702,2014/9/24,759,201,7,-77,809
680,704,2014/9/25,760,202,7,-70,810
681,705,2014/9/27,761,203,7,-72,814
682,703,2014/9/28,762,203,7,-75,814
683,706,2014/9/29,763,204,7,-78,817
684,707,2014/9/30,764,205,7,-73,821
685,708,2014/10/1,765,205,7,-73,820
686,709,2014/10/2,766,206,7,-70,824
687,710,2014/10/3,767,206,7,-71,824
688,712,2014/10/4,768,207,7,-73,826
689,711,2014/10/5,769,208,7,-73,829
690,713,2014/10/6,770,208,7,-70,829
691,714,2014/10/7,771,209,7,-71,836
692,715,2014/10/8,772,210,8,-71,835
693,716,2014/10/9,773,210,8,-70,838
694,719,2014/10/10,774,211,8,-73,838
695,717,2014/10/11,775,211,8,-71,838
696,718,2014/10/12,776,212,8,-72,841
697,720,2014/10/13,777,213,8,-72,841
698,721,2014/10/14,778,213,8,-70,846
699,722,2014/10/15,779,214,8,-71,845
700,723,2014/10/16,780,215,8,-72,852
701,725,2014/10/17,781,215,8,-74,849
702,724,2014/10/18,782,216,8,-71,854
703,727,2014/10/19,783,216,8,-69,853
704,726,2014/10/20,784,217,8,-69,857
705,728,2014/10/21,785,218,8,-74,858
706,729,2014/10/22,786,218,8,-74,861
707,732,2014/10/23,787,219,8,-73,860
708,731,2014/10/24,788,220,8,-68,862
709,730,2014/10/25,789,220,8,-68,862
710,733,2014/10/26,790,221,8,-68,864
711,734,2014/10/27,791,222,8,-70,867
712,735,2014/10/28,792,222,8,-71,873
713,736,2014/10/29,793,223,8,-71,877
714,739,2014/10/30,794,223,8,-68,874
715,738,2014/10/31,795,224,8,-68,875
716,737,2014/11/1,796,225,8,-65,877
717,740,2014/11/3,797,225,8,-65,879
718,741,2014/11/4,798,226,8,-67,883
719,743,2014/11/5,799,227,8,-70,884
720,742,2014/11/6,800,227,8,-67,884
721,746,2014/11/7,801,228,8,-70,884
722,745,2014/11/8,802,229,8,-69,887
723,744,2014/11/9,803,229,8,-69,888
724,747,2014/11/10,804,230,8,-73,891
725,748,2014/11/11,805,231,8,-70,893
726,750,2014/11/12,806,231,8,-69,893
727,749,2014/11/13,807,232,8,-71,892
728,752,2014/11/14,808,232,8,-67,893
729,753,2014/11/15,809,233,8,-70,895
730,751,2014/11/16,810,234,8,-69,897
731,754,2014/11/17,811,234,8,-71,900
732,755,2014/11/18,812,235,8,-75,902
733,756,2014/11/19,813,236,8,-67,904
734,757,2014/11/20,814,236,8,-68,902
735,759,2014/11/21,815,237,8,-69,905
736,758,2014/11/22,816,238,8,-74,909
737,761,2014/11/23,817,238,8,-69,913
738,760,2014/11/24,818,239,8,-68,914
739,763,2014/11/25,819,240,9,-71,913
740,765,2014/11/26,820,240,9,-68,910
741,762,2014/11/27,821,241,9,-68,910
742,764,2014/11/28,822,242,9,-71,911
743,766,2014/11/29,823,242,9,-69,912
744,768,2014/11/30,824,243,9,-67,914
745,767,2014/12/1,825,243,9,-67,914
746,770,2014/12/2,826,244,9,-68,914
747,769,2014/12/3,827,245,9,-68,911
748,771,2014/12/4,828,245,9,-71,914
749,773,2014/12/5,829,246,9,-71,914
750,772,2014/12/6,830,247,9,-68,918
751,774,2014/12/7,831,247,9,-68,920
752,775,2014/12/8,832,248,9,-68,924
753,776,2014/12/9,833,249,9,-69,923
754,777,2014/12/11,834,249,9,-68,918
755,780,2014/12/12,835,250,9,-69,917
756,778,2014/12/13,836,251,9,-69,916
757,779,2014/12/14,837,251,9,-69,916
758,782,2014/12/15,838,252,9,-69,917
759,781,2014/12/16,839,253,9,-70,917
760,783,2014/12/17,840,253,9,-74,913
761,784,2014/12/18,841,254,9,-75,914
762,790,2014/12/19,842,255,9,-69,914
763,793,2014/12/20,843,255,9,-69,916
764,788,2014/12/21,844,256,9,-68,917
765,786,2014/12/22,845,257,9,-73,920
766,785,2014/12/23,846,257,9,-74,925
767,791,2014/12/24,847,258,9,-69,918
768,792,2014/12/25,848,258,9,-69,918
769,787,2014/12/26,849,259,9,-69,918
770,789,2014/12/27,850,260,9,-68,918
771,794,2014/12/28,851,260,9,-68,919
772,797,2014/12/29,852,261,9,-73,916
773,796,2014/12/30,853,262,9,-67,913
774,798,2014/12/31,854,262,9,-66,910
775,799,2015/1/1,855,263,9,-69,912
776,795,2015/1/2,856,264,9,-68,912
777,801,2015/1/3,857,264,9,-76,911
778,800,2015/1/4,858,265,9,-73,913
779,802,2015/1/5,859,266,9,-72,915
780,803,2015/1/6,860,266,9,-69,916
781,804,2015/1/7,861,267,9,-70,917
782,807,2015/1/8,862,268,9,-70,917
783,805,2015/1/9,863,268,9,-72,916
784,806,2015/1/10,864,269,9,-70,914
785,808,2015/1/11,865,270,10,-70,913
786,809,2015/1/12,866,270,10,-71,911
787,810,2015/1/13,867,271,10,-71,910
788,811,2015/1/14,868,271,10,-71,908
789,812,2015/1/15,869,272,10,-72,906
790,813,2015/1/17,870,273,10,-74,909
791,814,2015/1/18,871,273,10,-70,903
792,815,2015/1/19,872,274,10,-72,902
793,817,2015/1/28,881,280,10,-73,899
794,818,2015/1/29,882,280,10,-76,901
795,820,2015/1/30,883,281,10,-74,897
796,821,2015/1/31,884,282,10,-71,897
797,819,2015/2/1,885,282,10,-71,895
798,823,2015/2/2,886,283,10,-73,894
799,822,2015/2/3,887,284,10,-73,897
800,824,2015/2/4,888,284,10,-70,896
801,825,2015/2/5,889,285,10,-70,895
802,826,2015/2/6,890,286,10,-72,892
803,827,2015/2/7,891,286,10,-72,892
804,828,2015/2/8,892,287,10,-71,892
805,829,2015/2/9,893,287,10,-72,890
806,830,2015/2/10,894,288,10,-75,891
807,831,2015/2/11,895,289,10,-72,889
808,833,2015/2/12,896,289,10,-70,888
809,832,2015/2/13,897,290,10,-72,884
810,834,2015/2/14,898,291,10,-72,883
811,835,2015/2/15,899,291,10,-75,881
812,836,2015/2/16,900,292,10,-70,883
813,837,2015/2/17,901,292,10,-71,885
814,838,2015/2/18,902,293,10,-68,883
815,839,2015/2/19,903,294,10,-71,882
816,841,2015/2/20,904,294,10,-71,878
817,840,2015/2/21,905,295,10,-71,880
818,843,2015/2/22,906,296,10,-76,878
819,842,2015/2/24,907,296,10,-75,879
820,844,2015/2/25,908,297,10,-71,883
821,845,2015/2/26,909,297,10,-70,878
822,847,2015/2/27,910,298,10,-73,878
823,846,2015/2/28,911,299,10,-70,874
824,849,2015/3/1,912,299,10,-75,875
825,848,2015/3/2,913,300,11,-71,871
826,850,2015/3/3,914,300,11,-71,874
827,851,2015/3/4,915,301,11,-71,878
828,852,2015/3/5,916,302,11,-71,872
829,854,2015/3/6,917,302,11,-76,871
830,853,2015/3/7,918,303,11,-71,867
831,855,2015/3/8,919,304,11,-74,870
832,856,2015/3/9,920,304,11,-72,868
833,857,2015/3/10,921,305,11,-70,867
834,858,2015/3/11,922,305,11,-73,870
835,859,2015/3/12,923,306,11,-72,867
836,861,2015/3/13,924,307,11,-74,867
837,860,2015/3/14,925,307,11,-71,862
838,862,2015/3/15,926,308,11,-76,864
839,863,2015/3/16,927,308,11,-76,862
840,864,2015/3/17,928,309,11,-72,862
841,865,2015/3/18,929,310,11,-75,866
842,868,2015/3/19,930,310,11,-75,865
843,867,2015/3/20,931,311,11,-69,864
844,866,2015/3/21,932,311,11,-71,859
845,869,2015/3/22,933,312,11,-71,863
846,870,2015/3/23,934,313,11,-73,858
847,872,2015/3/24,935,313,11,-75,862
848,871,2015/3/25,936,314,11,-72,865
849,874,2015/3/26,937,314,11,-73,863
850,876,2015/3/29,940,316,11,-73,861
851,875,2015/3/30,941,317,11,-74,857
852,880,2015/3/31,942,317,11,-74,857
853,877,2015/4/2,943,318,11,-73,854
854,878,2015/4/3,944,318,11,-70,852
855,881,2015/4/4,945,319,11,-72,851
856,879,2015/4/5,946,320,11,-77,850
857,882,2015/4/6,947,320,11,-70,853
858,883,2015/4/7,948,321,11,-73,854
859,884,2015/4/8,949,321,11,-72,851
860,885,2015/4/9,950,322,11,-73,850
861,888,2015/4/10,951,323,11,-75,849
862,886,2015/4/11,952,323,11,-69,847
863,887,2015/4/12,953,324,11,-71,847
864,889,2015/4/13,954,324,11,-73,847
865,892,2015/4/17,958,327,11,-74,848
866,891,2015/4/18,959,327,11,-78,846
867,893,2015/4/19,960,328,11,-76,846
868,895,2015/4/20,961,328,11,-71,849
869,894,2015/4/21,962,329,11,-73,845
870,896,2015/4/22,963,329,11,-71,850
871,897,2015/4/23,964,330,12,-72,847
872,898,2015/4/24,965,331,12,-75,847
873,900,2015/4/25,966,331,12,-73,850
874,899,2015/4/26,967,332,12,-74,844
875,901,2015/4/27,968,332,12,-71,848
876,902,2015/4/28,969,333,12,-72,844
877,903,2015/4/29,970,333,12,-71,849
878,906,2015/4/30,971,334,12,-71,848
879,904,2015/5/1,972,334,12,-73,847
880,905,2015/5/2,973,335,12,-72,844
881,907,2015/5/3,974,336,12,-73,842
882,908,2015/5/4,975,336,12,-73,843
883,909,2015/5/5,976,337,12,-75,842
884,910,2015/5/6,977,337,12,-75,841
885,913,2015/5/7,978,338,12,-73,842
886,912,2015/5/9,979,338,12,-79,841
887,911,2015/5/10,980,339,12,-73,840
888,914,2015/5/11,981,339,12,-73,841
889,917,2015/5/12,982,340,12,-74,840
890,916,2015/5/13,983,340,12,-76,840
891,915,2015/5/14,984,341,12,-74,840
892,918,2015/5/15,985,342,12,-78,840
893,919,2015/5/16,986,342,12,-74,840
894,920,2015/5/17,987,343,12,-74,839
895,922,2015/5/18,988,343,12,-75,840
896,921,2015/5/19,989,344,12,-74,841
897,923,2015/5/20,990,344,12,-76,839
898,926,2015/5/21,991,345,12,-73,840
899,924,2015/5/22,992,345,12,-73,842
900,927,2015/5/23,993,346,12,-73,840
901,925,2015/5/24,994,346,12,-79,842
902,929,2015/5/25,995,347,12,-74,842
903,928,2015/5/26,996,348,12,-72,842
904,930,2015/5/27,997,348,12,-74,843
905,931,2015/5/28,998,349,12,-73,842
906,932,2015/5/30,1000,350,12,-74,841
907,933,2015/5/31,1001,350,12,-79,843
908,936,2015/6/1,1002,351,12,-77,844
909,934,2015/6/2,1003,351,12,-74,843
910,935,2015/6/3,1004,352,12,-74,842
911,939,2015/6/4,1005,352,12,-75,843
912,941,2015/6/5,1006,353,12,-78,844
913,937,2015/6/6,1007,353,12,-79,845
914,940,2015/6/7,1008,354,12,-79,844
915,946,2015/6/8,1009,354,12,-75,845
916,947,2015/6/9,1010,355,12,-74,846
917,948,2015/6/10,1011,355,12,-78,845
918,949,2015/6/11,1012,356,12,-81,846
919,953,2015/6/12,1013,356,12,-80,846
920,950,2015/6/13,1014,357,12,-77,846
921,951,2015/6/14,1015,357,12,-75,847
922,952,2015/6/16,1016,358,12,-76,847
923,955,2015/6/17,1017,359,12,-78,850
924,956,2015/6/18,1018,359,12,-79,850
925,954,2015/6/19,1019,0,1,-81,849
926,938,2015/6/20,1020,0,1,-63,832
927,942,2015/6/21,1021,1,1,-76,850
928,944,2015/6/22,1022,1,1,-75,852
929,943,2015/6/23,1023,2,1,-76,851
930,945,2015/6/24,1024,2,1,-76,851
931,958,2015/6/25,1025,3,1,-74,851
932,957,2015/6/26,1026,3,1,-78,851
933,960,2015/6/28,1028,4,1,-75,853
934,959,2015/6/29,1029,5,1,-75,856
935,961,2015/6/30,1030,5,1,-77,855
936,963,2015/7/1,1031,6,1,-76,854
937,962,2015/7/2,1032,6,1,-74,854
938,965,2015/7/3,1033,7,1,-77,856
939,964,2015/7/4,1034,7,1,-76,859
940,966,2015/7/5,1035,8,1,-77,857
941,967,2015/7/6,1036,8,1,-76,856
942,968,2015/7/7,1037,9,1,-80,856
943,969,2015/7/8,1038,9,1,-76,858
944,970,2015/7/9,1039,10,1,-77,857
945,972,2015/7/10,1040,10,1,-77,858
946,971,2015/7/11,1041,11,1,-77,859
947,973,2015/7/12,1042,11,1,-76,859
948,974,2015/7/13,1043,12,1,-77,860
949,975,2015/7/14,1044,12,1,-79,860
950,978,2015/7/15,1045,13,1,-80,861
951,979,2015/7/16,1046,13,1,-77,862
952,977,2015/7/17,1047,14,1,-77,863
953,976,2015/7/18,1048,14,1,-78,864
954,980,2015/7/19,1049,15,1,-75,864
955,981,2015/7/20,1050,15,1,-76,863
956,983,2015/7/21,1051,16,1,-76,864
957,982,2015/7/23,1052,16,1,-78,865
958,984,2015/7/24,1053,17,1,-79,865
959,985,2015/7/25,1054,17,1,-77,867
960,987,2015/7/26,1055,17,1,-77,868
961,986,2015/7/27,1056,18,1,-76,868
962,988,2015/7/28,1057,18,1,-78,867
963,989,2015/7/29,1058,19,1,-78,868
964,990,2015/7/30,1059,19,1,-78,870
965,992,2015/7/31,1060,20,1,-78,870
966,993,2015/8/1,1061,20,1,-77,871
967,991,2015/8/2,1062,21,1,-77,871
968,994,2015/8/3,1063,21,1,-79,871
969,996,2015/8/4,1064,22,1,-77,871
970,995,2015/8/5,1065,22,1,-78,873
971,997,2015/8/6,1066,23,1,-78,875
972,998,2015/8/7,1067,23,1,-79,875
973,1000,2015/8/8,1068,24,1,-76,874
974,999,2015/8/9,1069,24,1,-77,876
975,1001,2015/8/10,1070,25,1,-80,877
976,1002,2015/8/11,1071,25,1,-78,878
977,1003,2015/8/12,1072,26,1,-78,879
978,1004,2015/8/13,1073,26,1,-82,879
979,1005,2015/8/14,1074,27,1,-77,878
980,1006,2015/8/15,1075,27,1,-77,879
981,1007,2015/8/16,1076,28,1,-81,880
982,1008,2015/8/17,1077,28,1,-79,880
983,1009,2015/8/18,1078,29,1,-80,881
984,1010,2015/8/19,1079,29,1,-80,882
985,1013,2015/8/20,1080,29,1,-77,882
986,1011,2015/8/21,1081,30,2,-77,882
987,1012,2015/8/22,1082,30,2,-79,882
988,1014,2015/8/23,1083,31,2,-80,883
989,1015,2015/8/24,1084,31,2,-78,885
990,1017,2015/8/25,1085,32,2,-79,886
991,1016,2015/8/26,1086,32,2,-77,885
992,1019,2015/8/27,1087,33,2,-78,885
993,1020,2015/8/29,1088,33,2,-77,885
994,1018,2015/8/30,1089,34,2,-76,885
995,1021,2015/8/31,1090,34,2,-78,886
996,1022,2015/9/1,1091,35,2,-77,886
997,1023,2015/9/2,1092,35,2,-79,886
998,1024,2015/9/3,1093,36,2,-77,887
999,1026,2015/9/4,1094,36,2,-80,888
1000,1027,2015/9/5,1095,36,2,-79,888
1001,1025,2015/9/6,1096,37,2,-79,888
1002,1028,2015/9/7,1097,37,2,-78,889
1003,1029,2015/9/8,1098,38,2,-77,890
1004,1030,2015/9/9,1099,38,2,-78,891
1005,1031,2015/9/10,1100,39,2,-79,890
1006,1034,2015/9/11,1101,39,2,-80,891
1007,1032,2015/9/12,1102,40,2,-84,892
1008,1033,2015/9/13,1103,40,2,-81,893
1009,1035,2015/9/14,1104,41,2,-79,893
1010,1036,2015/9/15,1105,41,2,-78,892
1011,1037,2015/9/16,1106,42,2,-82,893
1012,1040,2015/9/17,1107,42,2,-79,893
1013,1038,2015/9/18,1108,42,2,-78,895
1014,1039,2015/9/19,1109,43,2,-82,895
1015,1041,2015/9/20,1110,43,2,-81,895
1016,1042,2015/9/21,1111,44,2,-79,896
1017,1043,2015/9/22,1112,44,2,-80,895
1018,1044,2015/9/23,1113,45,2,-79,895
1019,1045,2015/9/24,1114,45,2,-79,896
1020,1047,2015/9/25,1115,46,2,-80,897
1021,1046,2015/9/26,1116,46,2,-79,898
1022,1048,2015/9/27,1117,47,2,-79,898
1023,1049,2015/9/28,1118,47,2,-80,898
1024,1050,2015/9/29,1119,48,2,-81,899
1025,1051,2015/9/30,1120,48,2,-80,900
1026,1052,2015/10/1,1121,48,2,-81,901
1027,1053,2015/10/2,1122,49,2,-79,901
1028,1054,2015/10/3,1123,49,2,-79,900
1029,1055,2015/10/4,1124,50,2,-80,900
1030,1056,2015/10/6,1125,50,2,-79,900
1031,1057,2015/10/7,1126,51,2,-79,901
1032,1058,2015/10/8,1127,51,2,-80,901
1033,1059,2015/10/9,1128,52,2,-79,902
1034,1060,2015/10/10,1129,52,2,-80,902
1035,1061,2015/10/11,1130,53,2,-81,902
1036,1062,2015/10/12,1131,53,2,-81,902
1037,1063,2015/10/13,1132,53,2,-82,902
1038,1064,2015/10/14,1133,54,2,-82,902
1039,1065,2015/10/15,1134,54,2,-80,902
1040,1069,2015/10/16,1135,55,2,-81,901
1041,1066,2015/10/17,1136,55,2,-82,901
1042,1068,2015/10/18,1137,56,2,-81,901
1043,1067,2015/10/19,1138,56,2,-82,901
1044,1070,2015/10/20,1139,57,2,-80,901
1045,1071,2015/10/21,1140,57,2,-81,901
1046,1072,2015/10/22,1141,57,2,-82,902
1047,1073,2015/10/23,1142,58,2,-82,902
1048,1074,2015/10/24,1143,58,2,-82,901
1049,1075,2015/10/25,1144,59,2,-82,902
1050,1076,2015/10/26,1145,59,2,-82,903
1051,1077,2015/10/27,1146,60,3,-82,902
1052,1078,2015/10/28,1147,60,3,-80,901
1053,1080,2015/10/29,1148,61,3,-80,901
1054,1079,2015/10/30,1149,61,3,-81,902
1055,1081,2015/10/31,1150,62,3,-82,902
1056,1082,2015/11/1,1151,62,3,-82,901
1057,1086,2015/11/2,1152,62,3,-80,901
1058,1083,2015/11/3,1153,63,3,-82,900
1059,1088,2015/11/4,1154,63,3,-84,900
1060,1084,2015/11/5,1155,64,3,-84,900
1061,1085,2015/11/6,1156,64,3,-84,900
1062,1087,2015/11/7,1157,65,3,-82,900
1063,1089,2015/11/8,1158,65,3,-82,898
1064,1090,2015/11/9,1159,66,3,-82,898
1065,1091,2015/11/10,1160,66,3,-80,899
1066,1092,2015/11/12,1161,66,3,-83,898
1067,1093,2015/11/13,1162,67,3,-84,897
1068,1094,2015/11/14,1163,67,3,-86,896
1069,1095,2015/11/15,1164,68,3,-86,896
1070,1096,2015/11/16,1165,68,3,-84,897
1071,1097,2015/11/17,1166,69,3,-84,895
1072,1098,2015/11/18,1167,69,3,-84,894
1073,1102,2015/11/19,1168,70,3,-84,894
1074,1100,2015/11/20,1169,70,3,-89,894
1075,1101,2015/11/21,1170,71,3,-85,893
1076,1099,2015/11/22,1171,71,3,-87,892
1077,1104,2015/11/23,1172,71,3,-87,892
1078,1103,2015/11/24,1173,72,3,-87,892
1079,1105,2015/11/25,1174,72,3,-85,891
1080,1106,2015/11/26,1175,73,3,-85,890
1081,1107,2015/11/27,1176,73,3,-84,890
1082,1108,2015/11/28,1177,74,3,-84,888
1083,1109,2015/11/29,1178,74,3,-86,888
1084,1110,2015/11/30,1179,75,3,-85,887
1085,1111,2015/12/1,1180,75,3,-86,886
1086,1112,2015/12/2,1181,75,3,-86,885
1087,1114,2015/12/3,1182,76,3,-85,884
1088,1113,2015/12/4,1183,76,3,-86,883
1089,1115,2015/12/5,1184,77,3,-85,882
1090,1116,2015/12/6,1185,77,3,-84,881
1091,1117,2015/12/7,1186,78,3,-86,881
1092,1118,2015/12/8,1187,78,3,-84,881
1093,1119,2015/12/9,1188,79,3,-90,881
1094,1120,2015/12/10,1189,79,3,-87,879
1095,1121,2015/12/11,1190,79,3,-87,877
1096,1122,2015/12/12,1191,80,3,-87,876
1097,1123,2015/12/13,1192,80,3,-86,876
1098,1124,2015/12/14,1193,81,3,-84,875
1099,1125,2015/12/15,1194,81,3,-84,873
1100,1126,2015/12/16,1195,82,3,-86,872
1101,1129,2015/12/17,1196,82,3,-86,871
1102,1127,2015/12/18,1197,83,3,-85,869
1103,1128,2015/12/20,1198,83,3,-86,868
1104,1130,2015/12/21,1199,84,3,-86,868
1105,1131,2015/12/22,1200,84,3,-84,866
1106,1132,2015/12/23,1201,84,3,-85,866
1107,1133,2015/12/24,1202,85,3,-85,864
1108,1136,2015/12/25,1203,85,3,-85,863
1109,1135,2015/12/26,1204,86,3,-84,862
1110,1134,2015/12/27,1205,86,3,-86,861
1111,1137,2015/12/28,1206,87,3,-85,859
1112,1138,2015/12/29,1207,87,3,-85,858
1113,1139,2015/12/30,1208,88,3,-85,857
1114,1141,2015/12/31,1209,88,3,-85,855
1115,1140,2016/1/1,1210,88,3,-85,854
1116,1142,2016/1/2,1211,89,3,-83,853
1117,1143,2016/1/3,1212,89,3,-86,851
1118,1145,2016/1/4,1213,90,4,-84,851
1119,1144,2016/1/5,1214,90,4,-85,849
1120,1146,2016/1/6,1215,91,4,-85,848
1121,1147,2016/1/7,1216,91,4,-86,847
1122,1148,2016/1/8,1217,92,4,-88,846
1123,1149,2016/1/9,1218,92,4,-86,845
1124,1150,2016/1/10,1219,93,4,-87,844
1125,1151,2016/1/11,1220,93,4,-87,842
1126,1152,2016/1/12,1221,93,4,-87,841
1127,1153,2016/1/13,1222,94,4,-87,840
1128,1155,2016/1/14,1223,94,4,-88,839
1129,1154,2016/1/15,1224,95,4,-88,837
1130,1156,2016/1/16,1225,95,4,-87,836
1131,1157,2016/1/17,1226,96,4,-87,835
1132,1158,2016/1/18,1227,96,4,-88,833
1133,1159,2016/1/19,1228,97,4,-88,832
1134,1160,2016/1/20,1229,97,4,-88,831
1135,1161,2016/1/21,1230,98,4,-88,830
1136,1162,2016/1/22,1231,98,4,-88,828
1137,1163,2016/1/23,1232,99,4,-88,827
1138,1164,2016/1/24,1233,99,4,-88,826
1139,1166,2016/1/26,1234,99,4,-88,824
1140,1165,2016/1/27,1235,100,4,-88,824
1141,1170,2016/1/28,1236,100,4,-87,822
1142,1169,2016/1/29,1237,101,4,-88,820
1143,1167,2016/1/30,1238,101,4,-87,819
1144,1168,2016/1/31,1239,102,4,-89,818
1145,1171,2016/2/1,1240,102,4,-87,816
1146,1172,2016/2/2,1241,103,4,-87,816
1147,1173,2016/2/3,1242,103,4,-87,815
1148,1174,2016/2/4,1243,104,4,-86,814
1149,1175,2016/2/5,1244,104,4,-85,812
1150,1176,2016/2/6,1245,105,4,-86,811
1151,1178,2016/2/7,1246,105,4,-85,810
1152,1177,2016/2/8,1247,105,4,-85,809
1153,1179,2016/2/9,1248,106,4,-86,807
1154,1180,2016/2/10,1249,106,4,-85,806
1155,1182,2016/2/11,1250,107,4,-85,804
1156,1185,2016/2/12,1251,107,4,-85,803
1157,1184,2016/2/13,1252,108,4,-85,802
1158,1181,2016/2/14,1253,108,4,-85,800
1159,1183,2016/2/15,1254,109,4,-84,799
1160,1187,2016/2/16,1255,109,4,-84,798
1161,1186,2016/2/17,1256,110,4,-84,797
1162,1188,2016/2/18,1257,110,4,-84,794
1163,1189,2016/2/19,1258,111,4,-83,794
1164,1190,2016/2/20,1259,111,4,-84,794
1165,1191,2016/2/21,1260,112,4,-83,792
1166,1192,2016/2/22,1261,112,4,-81,790
1167,1193,2016/2/23,1262,112,4,-81,790
1168,1194,2016/2/24,1263,113,4,-84,788
1169,1195,2016/2/25,1264,113,4,-84,787
1170,1197,2016/2/26,1265,114,4,-81,787
1171,1196,2016/2/27,1266,114,4,-82,787
1172,1198,2016/2/28,1267,115,4,-83,786
1173,1199,2016/2/29,1268,115,4,-83,784
1174,1201,2016/3/1,1269,116,4,-83,782
1175,1200,2016/3/3,1270,116,4,-82,782
1176,1202,2016/3/4,1271,117,4,-84,781
1177,1203,2016/3/5,1272,117,4,-81,780
1178,1204,2016/3/6,1273,118,4,-79,778
1179,1205,2016/3/7,1274,118,4,-82,777
1180,1206,2016/3/8,1275,119,4,-82,775
1181,1207,2016/3/9,1276,119,4,-83,774
1182,1208,2016/3/10,1277,120,5,-84,774
1183,1210,2016/3/11,1278,120,5,-83,773
1184,1209,2016/3/12,1279,121,5,-83,772
1185,1211,2016/3/13,1280,121,5,-84,771
1186,1212,2016/3/14,1281,122,5,-83,769
1187,1213,2016/3/15,1282,122,5,-81,768
1188,1214,2016/3/16,1283,123,5,-82,767
1189,1216,2016/3/17,1284,123,5,-80,767
1190,1217,2016/3/18,1285,123,5,-80,766
1191,1215,2016/3/19,1286,124,5,-80,765
1192,1218,2016/3/20,1287,124,5,-80,764
1193,1219,2016/3/21,1288,125,5,-80,763
1194,1220,2016/3/24,1291,126,5,-80,760
1195,1222,2016/3/25,1292,127,5,-81,760
1196,1221,2016/3/26,1293,127,5,-81,758
1197,1223,2016/3/27,1294,128,5,-79,758
1198,1224,2016/3/28,1295,128,5,-79,757
1199,1226,2016/3/29,1296,129,5,-79,756
1200,1225,2016/3/30,1297,129,5,-80,755
1201,1229,2016/3/31,1298,130,5,-79,755
1202,1228,2016/4/1,1299,130,5,-80,753
1203,1227,2016/4/2,1300,131,5,-79,752
1204,1230,2016/4/3,1301,131,5,-78,752
1205,1231,2016/4/4,1302,132,5,-80,751
1206,1232,2016/4/5,1303,132,5,-78,751
1207,1233,2016/4/6,1304,133,5,-80,750
1208,1235,2016/4/7,1305,133,5,-80,749
1209,1234,2016/4/8,1306,134,5,-79,748
1210,1236,2016/4/10,1307,134,5,-80,748
1211,1237,2016/4/11,1308,135,5,-81,748
1212,1238,2016/4/12,1309,135,5,-81,747
1213,1239,2016/4/13,1310,136,5,-76,745
1214,1240,2016/4/14,1311,136,5,-78,745
1215,1243,2016/4/15,1312,137,5,-77,745
1216,1241,2016/4/16,1313,137,5,-77,745
1217,1242,2016/4/17,1314,138,5,-78,744
1218,1244,2016/4/18,1315,138,5,-77,744
1219,1245,2016/4/19,1316,139,5,-80,744
1220,1246,2016/4/20,1317,139,5,-80,743
1221,1247,2016/4/21,1318,140,5,-80,743
1222,1248,2016/4/22,1319,140,5,-78,742
1223,1250,2016/4/23,1320,141,5,-77,741
1224,1249,2016/4/24,1321,141,5,-77,740
1225,1251,2016/4/25,1322,142,5,-78,740
1226,1252,2016/4/26,1323,142,5,-77,738
1227,1253,2016/4/27,1324,143,5,-78,738
1228,1256,2016/4/28,1325,144,5,-78,738
1229,1254,2016/4/29,1326,144,5,-77,738
1230,1255,2016/4/30,1327,145,5,-76,736
1231,1257,2016/5/1,1328,145,5,-77,735
1232,1258,2016/5/2,1329,146,5,-74,735
1233,1259,2016/5/3,1330,146,5,-78,734
1234,1260,2016/5/4,1331,147,5,-76,734
1235,1262,2016/5/5,1332,147,5,-78,734
1236,1263,2016/5/6,1333,148,5,-76,733
1237,1261,2016/5/7,1334,148,5,-77,732
1238,1264,2016/5/8,1335,149,5,-77,732
1239,1265,2016/5/9,1336,149,5,-75,732
1240,1266,2016/5/10,1337,150,6,-76,734
1241,1267,2016/5/11,1338,150,6,-75,734
1242,1268,2016/5/12,1339,151,6,-77,733
1243,1269,2016/5/13,1340,151,6,-76,734
1244,1270,2016/5/14,1341,152,6,-76,735
1245,1271,2016/5/15,1342,152,6,-80,735
1246,1272,2016/5/17,1343,153,6,-74,735
1247,1273,2016/5/18,1344,153,6,-75,734
1248,1276,2016/5/19,1345,154,6,-75,735
1249,1274,2016/5/20,1346,155,6,-75,737
1250,1277,2016/5/21,1347,155,6,-75,736
1251,1275,2016/5/22,1348,156,6,-76,735
1252,1278,2016/5/23,1349,156,6,-73,737
1253,1279,2016/5/24,1350,157,6,-73,738
1254,1280,2016/5/25,1351,157,6,-72,739
1255,1283,2016/5/26,1352,158,6,-73,736
1256,1281,2016/5/27,1353,158,6,-76,737
1257,1282,2016/5/28,1354,159,6,-75,739
1258,1284,2016/5/29,1355,159,6,-75,740
1259,1286,2016/5/30,1356,160,6,-74,739
1260,1285,2016/5/31,1357,160,6,-72,738
1261,1287,2016/6/1,1358,161,6,-74,738
1262,1288,2016/6/2,1359,162,6,-76,739
1263,1289,2016/6/3,1360,162,6,-76,739
1264,1290,2016/6/4,1361,163,6,-75,739
1265,1291,2016/6/5,1362,163,6,-74,739
1266,1292,2016/6/6,1363,164,6,-75,740
1267,1293,2016/6/7,1364,164,6,-74,740
1268,1294,2016/6/8,1365,165,6,-74,739
1269,1295,2016/6/9,1366,165,6,-75,740
1270,1296,2016/6/10,1367,166,6,-74,743
1271,1297,2016/6/11,1368,167,6,-74,743
1272,1299,2016/6/12,1369,167,6,-73,742
1273,1298,2016/6/13,1370,168,6,-74,744
1274,1301,2016/6/14,1371,168,6,-75,746
1275,1300,2016/6/15,1372,169,6,-74,745
1276,1303,2016/6/16,1373,169,6,-74,746
1277,1302,2016/6/17,1374,170,6,-75,748
1278,1304,2016/6/18,1375,170,6,-73,749
1279,1305,2016/6/19,1376,171,6,-75,749
1280,1306,2016/6/20,1377,172,6,-76,749
1281,1308,2016/6/21,1378,172,6,-76,751
1282,1307,2016/6/23,1379,173,6,-77,751
1283,1311,2016/6/24,1380,173,6,-74,751
1284,1309,2016/6/25,1381,174,6,-73,751
1285,1310,2016/6/26,1382,174,6,-76,752
1286,1312,2016/6/27,1383,175,6,-73,752
1287,1313,2016/6/28,1384,176,6,-74,753
1288,1314,2016/6/29,1385,176,6,-75,755
1289,1315,2016/6/30,1386,177,6,-74,755
1290,1316,2016/7/1,1387,177,6,-74,755
1291,1317,2016/7/2,1388,178,6,-73,756
1292,1318,2016/7/12,1398,184,7,-66,751
1293,1319,2016/7/13,1399,184,7,-73,770
1294,1322,2016/7/14,1400,185,7,-73,770
1295,1321,2016/7/15,1401,185,7,-73,770
1296,1320,2016/7/16,1402,186,7,-75,771
1297,1323,2016/7/17,1403,187,7,-75,771
1298,1324,2016/7/18,1404,187,7,-75,774
1299,1325,2016/7/19,1405,188,7,-75,775
1300,1328,2016/7/20,1406,188,7,-76,775
1301,1329,2016/7/21,1407,189,7,-74,779
1302,1327,2016/7/22,1408,190,7,-75,779
1303,1326,2016/7/23,1409,190,7,-74,781
1304,1330,2016/7/24,1410,191,7,-72,782
1305,1331,2016/7/25,1411,191,7,-72,782
1306,1333,2016/7/26,1412,192,7,-78,784
1307,1332,2016/7/27,1413,193,7,-72,784
1308,1336,2016/7/28,1414,193,7,-73,785
1309,1334,2016/7/29,1415,194,7,-72,787
1310,1335,2016/7/31,1416,194,7,-72,791
1311,1337,2016/8/1,1417,195,7,-70,791
1312,1338,2016/8/2,1418,196,7,-73,793
1313,1339,2016/8/3,1419,196,7,-73,793
1314,1340,2016/8/4,1420,197,7,-71,793
1315,1343,2016/8/5,1421,197,7,-72,797
1316,1342,2016/8/6,1422,198,7,-72,798
1317,1341,2016/8/7,1423,199,7,-71,800
1318,1344,2016/8/8,1424,199,7,-72,803
1319,1345,2016/8/9,1425,200,7,-72,804
1320,1346,2016/8/10,1426,200,7,-71,803
1321,1347,2016/8/11,1427,201,7,-72,807
1322,1348,2016/8/12,1428,202,7,-72,808
1323,1349,2016/8/13,1429,202,7,-70,810
1324,1351,2016/8/14,1430,203,7,-69,810
1325,1350,2016/8/15,1431,204,7,-69,811
1326,1352,2016/8/16,1432,204,7,-71,813
1327,1353,2016/8/17,1433,205,7,-70,818
1328,1356,2016/8/18,1434,205,7,-70,818
1329,1355,2016/8/19,1435,206,7,-71,823
1330,1354,2016/8/20,1436,207,7,-72,825
1331,1357,2016/8/21,1437,207,7,-71,821
1332,1358,2016/8/22,1438,208,7,-68,823
1333,1360,2016/8/23,1439,208,7,-71,828
1334,1359,2016/8/24,1440,209,7,-70,828
1335,1361,2016/8/25,1441,210,8,-74,828
1336,1362,2016/8/26,1442,210,8,-68,829
1337,1363,2016/8/27,1443,211,8,-69,831
1338,1364,2016/8/28,1444,212,8,-69,833
1339,1365,2016/8/29,1445,212,8,-69,836
1340,1366,2016/8/30,1446,213,8,-70,841
1341,1367,2016/8/31,1447,214,8,-74,841
1342,1369,2016/9/1,1448,214,8,-69,841
1343,1368,2016/9/2,1449,215,8,-71,841
1344,1370,2016/9/3,1450,215,8,-69,842
1345,1371,2016/9/4,1451,216,8,-71,842
1346,1373,2016/9/6,1452,217,8,-74,845
1347,1372,2016/9/7,1453,217,8,-73,850
1348,1374,2016/9/8,1454,218,8,-69,854
1349,1377,2016/9/9,1455,219,8,-70,858
1350,1376,2016/9/10,1456,219,8,-69,859
1351,1375,2016/9/11,1457,220,8,-69,860
1352,1378,2016/9/12,1458,220,8,-69,859
1353,1379,2016/9/13,1459,221,8,-71,861
1354,1380,2016/9/14,1460,222,8,-70,865
1355,1382,2016/9/15,1461,222,8,-69,870
1356,1381,2016/9/16,1462,223,8,-68,871
1357,1383,2016/9/17,1463,224,8,-68,871
1358,1384,2016/9/18,1464,224,8,-71,871
1359,1385,2016/9/19,1465,225,8,-68,870
1360,1386,2016/9/20,1466,226,8,-67,873
1361,1387,2016/9/21,1467,226,8,-69,877
1362,1388,2016/9/22,1468,227,8,-70,879
1363,1389,2016/9/23,1469,228,8,-72,881
1364,1391,2016/9/24,1470,228,8,-70,879
1365,1392,2016/9/25,1471,229,8,-71,880
1366,1390,2016/9/26,1472,229,8,-68,879
1367,1393,2016/9/27,1473,230,8,-67,881
1368,1394,2016/9/28,1474,231,8,-68,889
1369,1396,2016/9/29,1475,231,8,-72,890
1370,1395,2016/9/30,1476,232,8,-69,888
1371,1397,2016/10/1,1477,233,8,-72,888
1372,1399,2016/10/2,1478,233,8,-68,887
1373,1398,2016/10/3,1479,234,8,-66,890
1374,1400,2016/10/4,1480,235,8,-68,893
1375,1401,2016/10/5,1481,235,8,-70,893
1376,1403,2016/10/6,1482,236,8,-68,893
1377,1402,2016/10/7,1483,237,8,-68,892
1378,1404,2016/10/8,1484,237,8,-68,895
1379,1405,2016/10/9,1485,238,8,-71,899
1380,1406,2016/10/10,1486,239,8,-71,901
1381,1407,2016/10/11,1487,239,8,-68,901
1382,1408,2016/10/12,1488,240,9,-69,902
1383,1410,2016/10/14,1489,240,9,-68,903
1384,1411,2016/10/15,1490,241,9,-66,904
1385,1409,2016/10/16,1491,242,9,-69,906
1386,1412,2016/10/17,1492,242,9,-68,910
1387,1413,2016/10/18,1493,243,9,-70,905
1388,1414,2016/10/19,1494,244,9,-70,904
1389,1416,2016/10/20,1495,244,9,-71,903
1390,1415,2016/10/21,1496,245,9,-72,906
1391,1417,2016/10/22,1497,246,9,-68,909
1392,1418,2016/10/23,1498,246,9,-68,907
1393,1419,2016/10/24,1499,247,9,-69,903
1394,1420,2016/10/25,1500,248,9,-70,903
1395,1421,2016/10/26,1501,248,9,-69,903
1396,1422,2016/10/27,1502,249,9,-69,907
1397,1424,2016/10/28,1503,250,9,-70,909
1398,1423,2016/10/29,1504,250,9,-69,910
1399,1425,2016/10/30,1505,251,9,-69,906
1400,1426,2016/10/31,1506,252,9,-71,907
1401,1427,2016/11/1,1507,252,9,-70,907
1402,1428,2016/11/2,1508,253,9,-70,907
1403,1430,2016/11/3,1509,254,9,-70,910
1404,1431,2016/11/4,1510,254,9,-70,908
1405,1429,2016/11/5,1511,255,9,-77,908
1406,1432,2016/11/6,1512,255,9,-78,906
1407,1433,2016/11/7,1513,256,9,-74,907
1408,1434,2016/11/8,1514,257,9,-73,906
1409,1435,2016/11/9,1515,257,9,-76,906
1410,1436,2016/11/10,1516,258,9,-71,909
1411,1437,2016/11/11,1517,259,9,-76,911
1412,1438,2016/11/12,1518,259,9,-78,909
1413,1440,2016/11/13,1519,260,9,-72,906
1414,1439,2016/11/14,1520,261,9,-73,905
1415,1441,2016/11/15,1521,261,9,-71,905
1416,1442,2016/11/16,1522,262,9,-71,905
1417,1443,2016/11/17,1523,263,9,-77,905
1418,1444,2016/11/18,1524,263,9,-76,904
1419,1445,2016/11/20,1525,264,9,-74,902
1420,1446,2016/11/21,1526,265,9,-72,900
1421,1449,2016/11/22,1527,265,9,-71,900
1422,1450,2016/11/23,1528,266,9,-72,898
1423,1451,2016/11/24,1529,267,9,-73,900
1424,1452,2016/11/25,1530,267,9,-71,899
1425,1447,2016/11/26,1531,268,9,-76,900
1426,1448,2016/11/27,1532,268,9,-72,900
1427,1453,2016/11/28,1533,269,9,-72,896
1428,1454,2016/11/29,1534,270,10,-73,898
1429,1455,2016/11/30,1535,270,10,-73,900
1430,1456,2016/12/1,1536,271,10,-71,901
1431,1458,2016/12/2,1537,272,10,-74,900
1432,1457,2016/12/3,1538,272,10,-73,898
1433,1459,2016/12/4,1539,273,10,-74,896
1434,1460,2016/12/5,1540,274,10,-72,896
1435,1461,2016/12/6,1541,274,10,-76,895
1436,1462,2016/12/7,1542,275,10,-73,895
1437,1464,2016/12/8,1543,276,10,-74,896
1438,1463,2016/12/9,1544,276,10,-71,894
1439,1465,2016/12/10,1545,277,10,-73,891
1440,1467,2016/12/11,1546,277,10,-73,889
1441,1466,2016/12/12,1547,278,10,-75,887
1442,1468,2016/12/13,1548,279,10,-76,887
1443,1469,2016/12/14,1549,279,10,-76,887
1444,1472,2016/12/15,1550,280,10,-71,888
1445,1471,2016/12/16,1551,281,10,-71,886
1446,1470,2016/12/17,1552,281,10,-74,886
1447,1474,2016/12/18,1553,282,10,-77,884
1448,1473,2016/12/19,1554,283,10,-70,882
1449,1477,2016/12/20,1555,283,10,-71,883
1450,1478,2016/12/21,1556,284,10,-72,883
1451,1475,2016/12/22,1557,284,10,-70,883
1452,1476,2016/12/23,1558,285,10,-72,880
1453,1484,2016/12/24,1559,286,10,-76,879
1454,1482,2016/12/25,1560,286,10,-76,877
1455,1485,2016/12/27,1561,287,10,-77,877
1456,1479,2016/12/28,1562,288,10,-73,877
1457,1483,2016/12/29,1563,288,10,-75,879
1458,1481,2016/12/30,1564,289,10,-70,877
1459,1480,2016/12/31,1565,290,10,-72,874
1460,1487,2017/1/1,1566,290,10,-76,876
1461,1486,2017/1/2,1567,291,10,-70,872
1462,1488,2017/1/3,1568,291,10,-71,876
1463,1492,2017/1/4,1569,292,10,-70,873
1464,1491,2017/1/5,1570,293,10,-71,873
1465,1490,2017/1/6,1571,293,10,-70,873
1466,1489,2017/1/7,1572,294,10,-81,869
1467,1493,2017/1/8,1573,295,10,-74,872
1468,1495,2017/1/9,1574,295,10,-72,868
1469,1494,2017/1/10,1575,296,10,-73,871
1470,1496,2017/1/11,1576,296,10,-72,869
1471,1498,2017/1/12,1577,297,10,-72,866
1472,1499,2017/1/13,1578,298,10,-74,868
1473,1500,2017/1/14,1579,298,10,-73,862
1474,1497,2017/1/15,1580,299,10,-72,867
1475,1501,2017/1/16,1581,299,10,-72,862
1476,1503,2017/1/17,1582,300,11,-74,862
1477,1502,2017/1/18,1583,301,11,-75,862
1478,1505,2017/1/19,1584,301,11,-77,860
1479,1506,2017/1/20,1585,302,11,-76,864
1480,1504,2017/1/21,1586,303,11,-72,858
1481,1508,2017/1/22,1587,303,11,-73,860
1482,1507,2017/1/23,1588,304,11,-72,858
1483,1510,2017/1/24,1589,304,11,-72,857
1484,1509,2017/1/25,1590,305,11,-76,860
1485,1512,2017/1/26,1591,306,11,-73,852
1486,1511,2017/1/27,1592,306,11,-71,857
1487,1513,2017/1/28,1593,307,11,-72,852
1488,1514,2017/1/29,1594,307,11,-74,855
1489,1515,2017/1/30,1595,308,11,-71,855
1490,1516,2017/1/31,1596,309,11,-74,850
1491,1517,2017/2/1,1597,309,11,-73,855
1492,1519,2017/2/3,1598,310,11,-70,849
1493,1518,2017/2/4,1599,310,11,-72,853
1494,1520,2017/2/5,1600,311,11,-71,850
1495,1522,2017/2/6,1601,312,11,-71,853
1496,1521,2017/2/7,1602,312,11,-77,852
1497,1523,2017/2/8,1603,313,11,-76,847
1498,1524,2017/2/9,1604,313,11,-77,850
1499,1526,2017/2/10,1605,314,11,-73,846
1500,1525,2017/2/11,1606,315,11,-75,850
1501,1528,2017/2/12,1607,315,11,-77,846
1502,1527,2017/2/13,1608,316,11,-72,847
1503,1529,2017/2/14,1609,316,11,-71,847
1504,1534,2017/2/18,1613,319,11,-72,846
1505,1533,2017/2/19,1614,319,11,-73,837
1506,1536,2017/2/20,1615,320,11,-73,842
1507,1535,2017/2/21,1616,320,11,-73,848
1508,1537,2017/2/22,1617,321,11,-72,840
1509,1540,2017/2/23,1618,322,11,-71,845
1510,1538,2017/2/24,1619,322,11,-73,841
1511,1539,2017/2/25,1620,323,11,-70,844
1512,1541,2017/2/26,1621,323,11,-73,842
1513,1542,2017/2/27,1622,324,11,-71,841
1514,1544,2017/2/28,1623,324,11,-71,840
1515,1543,2017/3/1,1624,325,11,-72,837
1516,1546,2017/3/2,1625,326,11,-71,839
1517,1545,2017/3/3,1626,326,11,-71,839
1518,1547,2017/3/4,1627,327,11,-72,838
1519,1549,2017/3/5,1628,327,11,-71,839
1520,1548,2017/3/6,1629,328,11,-74,837
1521,1551,2017/3/7,1630,328,11,-77,838
1522,1550,2017/3/8,1631,329,11,-77,837
1523,1552,2017/3/9,1632,330,12,-72,836
1524,1554,2017/3/10,1633,330,12,-75,834
1525,1553,2017/3/12,1634,331,12,-72,834
1526,1555,2017/3/13,1635,331,12,-73,833
1527,1556,2017/3/14,1636,332,12,-72,834
1528,1557,2017/3/15,1637,332,12,-73,833
1529,1559,2017/3/16,1638,333,12,-73,833
1530,1558,2017/3/17,1639,334,12,-71,832
1531,1561,2017/3/18,1640,334,12,-72,832
1532,1560,2017/3/19,1641,335,12,-72,831
1533,1564,2017/3/20,1642,335,12,-72,829
1534,1563,2017/3/21,1643,336,12,-74,832
1535,1562,2017/3/22,1644,336,12,-74,832
1536,1567,2017/3/23,1645,337,12,-74,832
1537,1565,2017/3/24,1646,337,12,-74,831
1538,1566,2017/3/25,1647,338,12,-73,831
1539,1568,2017/3/26,1648,339,12,-73,830
1540,1569,2017/3/27,1649,339,12,-74,830
1541,1570,2017/3/28,1650,340,12,-75,833
1542,1571,2017/3/29,1651,340,12,-77,833
1543,1572,2017/3/30,1652,341,12,-76,834
1544,1573,2017/3/31,1653,341,12,-75,833
1545,1575,2017/4/1,1654,342,12,-75,829
1546,1574,2017/4/2,1655,342,12,-76,831
1547,1576,2017/4/3,1656,343,12,-75,832
1548,1578,2017/4/4,1657,343,12,-75,836
1549,1577,2017/4/5,1658,344,12,-77,835
1550,1579,2017/4/6,1659,345,12,-77,832
1551,1581,2017/4/7,1660,345,12,-74,832
1552,1580,2017/4/8,1661,346,12,-75,831
1553,1583,2017/4/9,1662,346,12,-75,831
1554,1584,2017/4/10,1663,347,12,-74,832
1555,1586,2017/4/11,1664,347,12,-74,832
1556,1585,2017/4/12,1665,348,12,-76,833
1557,1582,2017/4/13,1666,348,12,-76,834
1558,1588,2017/4/14,1667,349,12,-76,833
1559,1587,2017/4/15,1668,349,12,-77,831
1560,1589,2017/4/16,1669,350,12,-74,833
1561,1590,2017/4/18,1670,350,12,-76,834
1562,1591,2017/4/19,1671,351,12,-76,832
1563,1592,2017/4/20,1672,351,12,-74,833
1564,1594,2017/4/21,1673,352,12,-75,836
1565,1593,2017/4/22,1674,352,12,-75,835
1566,1595,2017/4/23,1675,353,12,-75,835
1567,1596,2017/4/24,1676,354,12,-76,837
1568,1597,2017/4/25,1677,354,12,-74,835
1569,1598,2017/4/26,1678,355,12,-74,836
1570,1599,2017/4/27,1679,355,12,-75,836
1571,1601,2017/4/28,1680,356,12,-74,835
1572,1602,2017/4/29,1681,356,12,-74,837
1573,1603,2017/4/30,1682,357,12,-76,839
1574,1600,2017/5/1,1683,357,12,-75,837
1575,1604,2017/5/2,1684,358,12,-75,837
1576,1605,2017/5/3,1685,358,12,-77,838
1577,1607,2017/5/4,1686,359,12,-75,838
1578,1608,2017/5/5,1687,359,12,-75,838
1579,1606,2017/5/6,1688,0,1,-76,840
1580,1610,2017/5/7,1689,0,1,-75,840
1581,1609,2017/5/8,1690,1,1,-76,840
1582,1614,2017/5/10,1692,2,1,-62,820
1583,1612,2017/5/11,1693,2,1,-76,840
1584,1613,2017/5/12,1694,3,1,-76,840
1585,1611,2017/5/13,1695,3,1,-77,840
1586,1615,2017/5/14,1696,4,1,-75,841
1587,1616,2017/5/15,1697,4,1,-77,841
1588,1618,2017/5/16,1698,5,1,-77,842
1589,1617,2017/5/17,1699,5,1,-76,843
1590,1619,2017/5/18,1700,6,1,-76,842
1591,1620,2017/5/19,1701,6,1,-76,841
1592,1621,2017/5/20,1702,7,1,-75,842
1593,1622,2017/5/21,1703,7,1,-76,843
1594,1625,2017/5/22,1704,8,1,-77,844
1595,1623,2017/5/23,1705,8,1,-76,845
1596,1624,2017/5/24,1706,9,1,-77,845
1597,1627,2017/5/26,1707,9,1,-77,846
1598,1626,2017/5/27,1708,10,1,-76,846
1599,1628,2017/5/28,1709,10,1,-76,847
1600,1629,2017/5/29,1710,11,1,-76,848
1601,1631,2017/5/30,1711,11,1,-75,848
1602,1630,2017/5/31,1712,12,1,-77,849
1603,1635,2017/6/1,1713,12,1,-75,850
1604,1633,2017/6/2,1714,13,1,-77,849
1605,1634,2017/6/3,1715,13,1,-77,851
1606,1632,2017/6/4,1716,14,1,-76,850
1607,1636,2017/6/5,1717,14,1,-76,851
1608,1637,2017/6/6,1718,15,1,-77,852
1609,1639,2017/6/7,1719,15,1,-77,853
1610,1638,2017/6/8,1720,16,1,-76,853
1611,1641,2017/6/9,1721,16,1,-76,852
1612,1640,2017/6/10,1722,17,1,-77,854
1613,1642,2017/6/11,1723,17,1,-76,854
1614,1643,2017/6/12,1724,18,1,-77,856
1615,1644,2017/6/13,1725,18,1,-79,857
1616,1645,2017/6/14,1726,19,1,-76,855
1617,1647,2017/6/15,1727,19,1,-75,855
1618,1648,2017/6/16,1728,20,1,-76,855
1619,1646,2017/6/17,1729,20,1,-76,858
1620,1650,2017/6/18,1730,21,1,-77,858
1621,1649,2017/6/19,1731,21,1,-78,857
1622,1651,2017/6/20,1732,22,1,-78,858
1623,1652,2017/6/21,1733,22,1,-77,859
1624,1655,2017/6/22,1734,23,1,-78,859
1625,1653,2017/6/23,1735,23,1,-78,861
1626,1654,2017/6/24,1736,23,1,-77,860
1627,1656,2017/6/25,1737,24,1,-78,861
1628,1657,2017/6/26,1738,24,1,-78,861
1629,1658,2017/6/27,1739,25,1,-77,861
1630,1662,2017/6/28,1740,25,1,-78,861
1631,1659,2017/6/29,1741,26,1,-78,863
1632,1661,2017/6/30,1742,26,1,-77,865
1633,1660,2017/7/2,1743,27,1,-78,863
1634,1663,2017/7/3,1744,27,1,-78,863
1635,1664,2017/7/4,1745,28,1,-78,865
1636,1665,2017/7/5,1746,28,1,-76,866
1637,1666,2017/7/6,1747,29,1,-79,866
1638,1668,2017/7/7,1748,29,1,-79,867
1639,1667,2017/7/8,1749,30,2,-76,867
1640,1669,2017/7/9,1750,30,2,-77,867
1641,1670,2017/7/10,1751,31,2,-78,867
1642,1671,2017/7/11,1752,31,2,-80,867
1643,1672,2017/7/12,1753,32,2,-76,868
1644,1673,2017/7/13,1754,32,2,-78,870
1645,1674,2017/7/14,1755,32,2,-77,870
1646,1675,2017/7/15,1756,33,2,-78,871
1647,1676,2017/7/16,1757,33,2,-78,871
1648,1677,2017/7/17,1758,34,2,-78,871
1649,1678,2017/7/18,1759,34,2,-77,871
1650,1679,2017/7/19,1760,35,2,-78,872
1651,1684,2017/7/20,1761,35,2,-77,872
1652,1687,2017/7/21,1762,36,2,-77,872
1653,1680,2017/7/22,1763,36,2,-78,873
1654,1682,2017/7/23,1764,37,2,-79,872
1655,1690,2017/7/24,1765,37,2,-77,873
1656,1688,2017/7/25,1766,38,2,-79,873
1657,1691,2017/7/26,1767,38,2,-77,874
1658,1683,2017/7/27,1768,39,2,-78,875
1659,1689,2017/7/28,1769,39,2,-76,875
1660,1686,2017/7/29,1770,39,2,-79,875
1661,1692,2017/7/30,1771,40,2,-79,876
1662,1681,2017/7/31,1772,40,2,-78,876
1663,1685,2017/8/1,1773,41,2,-78,876
1664,1693,2017/8/2,1774,41,2,-79,877
1665,1694,2017/8/3,1775,42,2,-80,877
1666,1696,2017/8/4,1776,42,2,-79,877
1667,1695,2017/8/5,1777,43,2,-79,877
1668,1697,2017/8/6,1778,43,2,-81,877
1669,1698,2017/8/7,1779,44,2,-78,878
1670,1699,2017/8/9,1780,44,2,-77,879
1671,1700,2017/8/10,1781,45,2,-78,879
1672,1701,2017/8/11,1782,45,2,-78,878
1673,1703,2017/8/12,1783,45,2,-79,879
1674,1702,2017/8/13,1784,46,2,-80,883
1675,1704,2017/8/14,1785,46,2,-77,881
1676,1705,2017/8/16,1787,47,2,-79,881
1677,1706,2017/8/17,1788,48,2,-79,881
1678,1708,2017/8/18,1789,48,2,-79,881
1679,1707,2017/8/19,1790,49,2,-81,882
1680,1709,2017/8/20,1791,49,2,-79,882
1681,1710,2017/8/21,1792,50,2,-80,883
1682,1711,2017/8/22,1793,50,2,-80,883
1683,1712,2017/8/23,1794,50,2,-80,883
1684,1714,2017/8/24,1795,51,2,-81,882
1685,1715,2017/8/25,1796,51,2,-80,883
1686,1713,2017/8/26,1797,52,2,-79,884
1687,1716,2017/8/27,1798,52,2,-79,883
1688,1717,2017/8/28,1799,53,2,-78,883
1689,1718,2017/8/29,1800,53,2,-80,883
1690,1719,2017/8/30,1801,54,2,-80,882
1691,1722,2017/8/31,1802,54,2,-79,882
1692,1723,2017/9/1,1803,55,2,-78,882
1693,1720,2017/9/2,1804,55,2,-78,883
1694,1721,2017/9/3,1805,55,2,-78,883
1695,1724,2017/9/4,1806,56,2,-80,884
1696,1725,2017/9/5,1807,56,2,-78,884
1697,1726,2017/9/6,1808,57,2,-79,884
1698,1728,2017/9/7,1809,57,2,-80,884
1699,1729,2017/9/8,1810,58,2,-78,883
1700,1727,2017/9/9,1811,58,2,-79,882
1701,1730,2017/9/10,1812,59,2,-79,882
1702,1731,2017/9/11,1813,59,2,-80,881
1703,1732,2017/9/12,1814,59,2,-80,881
1704,1733,2017/9/13,1815,60,3,-81,881
1705,1734,2017/9/15,1816,60,3,-82,882
1706,1735,2017/9/16,1817,61,3,-80,882
1707,1736,2017/9/17,1818,61,3,-81,881
1708,1737,2017/9/18,1819,62,3,-82,880
1709,1738,2017/9/19,1820,62,3,-79,881
1710,1740,2017/9/20,1821,63,3,-81,882
1711,1739,2017/9/21,1822,63,3,-78,881
1712,1743,2017/9/22,1823,64,3,-80,879
1713,1742,2017/9/23,1824,64,3,-80,879
1714,1741,2017/9/24,1825,64,3,-80,878
1715,1744,2017/9/25,1826,65,3,-80,878
1716,1745,2017/9/26,1827,65,3,-80,879
1717,1746,2017/9/27,1828,66,3,-80,878
1718,1749,2017/9/28,1829,66,3,-78,877
1719,1748,2017/9/29,1830,67,3,-80,877
1720,1747,2017/9/30,1831,67,3,-80,876
1721,1750,2017/10/1,1832,68,3,-84,875
1722,1751,2017/10/2,1833,68,3,-81,875
1723,1752,2017/10/3,1834,68,3,-80,875
1724,1753,2017/10/4,1835,69,3,-80,873
1725,1755,2017/10/5,1836,69,3,-81,873
1726,1756,2017/10/6,1837,70,3,-81,872
1727,1754,2017/10/7,1838,70,3,-79,872
1728,1757,2017/10/8,1839,71,3,-80,872
1729,1758,2017/10/9,1840,71,3,-77,871
1730,1759,2017/10/10,1841,72,3,-77,870
1731,1761,2017/10/11,1842,72,3,-79,869
1732,1760,2017/10/12,1843,72,3,-80,869
1733,1762,2017/10/13,1844,73,3,-81,869
1734,1763,2017/10/14,1845,73,3,-80,868
1735,1765,2017/10/15,1846,74,3,-80,868
1736,1764,2017/10/16,1847,74,3,-80,866
1737,1766,2017/10/17,1848,75,3,-80,865
1738,1770,2017/10/18,1849,75,3,-80,864
1739,1768,2017/10/19,1850,76,3,-80,864
1740,1767,2017/10/20,1851,76,3,-87,864
1741,1769,2017/10/22,1852,77,3,-80,863
1742,1771,2017/10/23,1853,77,3,-80,862
1743,1772,2017/10/24,1854,77,3,-80,861
1744,1773,2017/10/25,1855,78,3,-78,861
1745,1774,2017/10/26,1856,78,3,-80,859
1746,1776,2017/10/27,1857,79,3,-80,858
1747,1775,2017/10/28,1858,79,3,-81,857
1748,1779,2017/10/29,1859,80,3,-79,857
1749,1778,2017/10/30,1860,80,3,-80,857
1750,1780,2017/10/31,1861,81,3,-79,855
1751,1777,2017/11/1,1862,81,3,-81,854
1752,1781,2017/11/2,1863,81,3,-80,853
1753,1782,2017/11/3,1864,82,3,-82,852
1754,1783,2017/11/4,1865,82,3,-80,852
1755,1785,2017/11/5,1866,83,3,-80,850
1756,1784,2017/11/6,1867,83,3,-78,848
1757,1786,2017/11/7,1868,84,3,-80,848
1758,1787,2017/11/8,1869,84,3,-81,846
1759,1788,2017/11/9,1870,85,3,-81,845
1760,1789,2017/11/10,1871,85,3,-80,844
1761,1791,2017/11/11,1872,86,3,-79,843
1762,1790,2017/11/12,1873,86,3,-79,842
1763,1792,2017/11/13,1874,86,3,-80,840
1764,1793,2017/11/14,1875,87,3,-79,839
1765,1794,2017/11/15,1876,87,3,-79,838
1766,1797,2017/11/16,1877,88,3,-79,837
1767,1795,2017/11/17,1878,88,3,-79,835
1768,1796,2017/11/18,1879,89,3,-79,834
1769,1798,2017/11/19,1880,89,3,-79,833
1770,1803,2017/11/20,1881,90,4,-79,832
1771,1801,2017/11/21,1882,90,4,-78,831
1772,1800,2017/11/22,1883,91,4,-78,830
1773,1799,2017/11/23,1884,91,4,-79,829
1774,1804,2017/11/24,1885,91,4,-79,827
1775,1805,2017/11/25,1886,92,4,-79,826
1776,1802,2017/11/26,1887,92,4,-79,824
1777,1807,2017/11/27,1888,93,4,-79,823
1778,1806,2017/11/29,1889,93,4,-80,822
1779,1808,2017/11/30,1890,94,4,-79,821
1780,1810,2017/12/1,1891,94,4,-80,819
1781,1809,2017/12/2,1892,95,4,-81,817
1782,1812,2017/12/3,1893,95,4,-79,816
1783,1811,2017/12/4,1894,96,4,-79,815
1784,1814,2017/12/5,1895,96,4,-78,814
1785,1813,2017/12/6,1896,96,4,-79,812
1786,1817,2017/12/7,1897,97,4,-80,811
1787,1816,2017/12/8,1898,97,4,-81,810
1788,1815,2017/12/9,1899,98,4,-81,808
1789,1818,2017/12/10,1900,98,4,-81,807
1790,1819,2017/12/11,1901,99,4,-81,806
1791,1820,2017/12/12,1902,99,4,-79,804
1792,1821,2017/12/13,1903,100,4,-78,803
1793,1822,2017/12/14,1904,100,4,-79,801
1794,1823,2017/12/15,1905,101,4,-80,800
1795,1824,2017/12/16,1906,101,4,-79,799
1796,1825,2017/12/17,1907,101,4,-79,798
1797,1826,2017/12/18,1908,102,4,-79,796
1798,1827,2017/12/19,1909,102,4,-80,795
1799,1828,2017/12/20,1910,103,4,-80,794
1800,1833,2017/12/21,1911,103,4,-79,792
1801,1832,2017/12/22,1912,104,4,-80,791
1802,1830,2017/12/23,1913,104,4,-79,791
1803,1834,2017/12/24,1914,105,4,-78,790
1804,1835,2017/12/25,1915,105,4,-78,788
1805,1829,2017/12/26,1916,106,4,-79,787
1806,1831,2017/12/27,1917,106,4,-80,786
1807,1839,2017/12/28,1918,107,4,-77,784
1808,1836,2017/12/29,1919,107,4,-77,783
1809,1837,2017/12/30,1920,108,4,-77,782
1810,1838,2017/12/31,1921,108,4,-78,781
1811,1840,2018/1/1,1922,108,4,-79,780
1812,1842,2018/1/2,1923,109,4,-77,778
1813,1841,2018/1/3,1924,109,4,-78,777
1814,1844,2018/1/5,1925,110,4,-79,777
1815,1843,2018/1/6,1926,110,4,-80,775
1816,1845,2018/1/7,1927,111,4,-79,774
1817,1847,2018/1/8,1928,111,4,-78,773
1818,1846,2018/1/9,1929,112,4,-79,771
1819,1848,2018/1/10,1930,112,4,-79,770
1820,1849,2018/1/11,1931,113,4,-79,770
1821,1850,2018/1/12,1932,113,4,-79,768
1822,1852,2018/1/13,1933,114,4,-78,767
1823,1851,2018/1/14,1934,114,4,-79,766
1824,1853,2018/1/15,1935,115,4,-80,765
1825,1855,2018/1/16,1936,115,4,-79,764
1826,1854,2018/1/17,1937,116,4,-80,763
1827,1859,2018/1/18,1938,116,4,-78,762
1828,1857,2018/1/19,1939,116,4,-78,760
1829,1858,2018/1/20,1940,117,4,-77,759
1830,1856,2018/1/21,1941,117,4,-77,758
1831,1860,2018/1/22,1942,118,4,-78,757
1832,1863,2018/1/23,1943,118,4,-78,756
1833,1861,2018/1/24,1944,119,4,-80,755
1834,1862,2018/1/25,1945,119,4,-78,754
1835,1864,2018/1/26,1946,120,5,-79,753
1836,1865,2018/1/27,1947,120,5,-78,751
1837,1866,2018/1/28,1948,121,5,-78,752
1838,1867,2018/1/29,1949,121,5,-78,751
1839,1868,2018/1/30,1950,122,5,-79,750
1840,1869,2018/1/31,1951,122,5,-77,749
1841,1871,2018/2/1,1952,123,5,-80,748
1842,1870,2018/2/2,1953,123,5,-78,747
1843,1872,2018/2/3,1954,124,5,-77,745
1844,1873,2018/2/4,1955,124,5,-77,745
1845,1879,2018/2/5,1956,125,5,-79,744
1846,1875,2018/2/6,1957,125,5,-77,742
1847,1874,2018/2/7,1958,126,5,-77,741
1848,1878,2018/2/8,1959,126,5,-78,740
1849,1876,2018/2/9,1960,127,5,-78,740
1850,1877,2018/2/11,1961,127,5,-77,740
1851,1880,2018/2/12,1962,128,5,-78,738
1852,1881,2018/2/13,1963,128,5,-77,737
1853,1882,2018/2/14,1964,129,5,-76,736
1854,1883,2018/2/15,1965,129,5,-76,735
1855,1884,2018/2/16,1966,130,5,-77,735
1856,1885,2018/2/17,1967,130,5,-76,734
1857,1886,2018/2/18,1968,131,5,-76,732
1858,1887,2018/2/19,1969,131,5,-76,732
1859,1888,2018/2/20,1970,132,5,-77,731
1860,1890,2018/2/21,1971,132,5,-78,731
1861,1891,2018/2/22,1972,133,5,-78,730
1862,1889,2018/2/23,1973,133,5,-78,730
1863,1892,2018/2/24,1974,134,5,-77,729
1864,1894,2018/2/25,1975,134,5,-76,729
1865,1893,2018/2/26,1976,135,5,-77,728
1866,1895,2018/2/27,1977,135,5,-77,727